Configuracion,Cruza,Mutacion,Tasa_mutacion,Tam_poblacion,Elitismo,Mejor_Fitness,Ejecución No.,Diversidad_Final
cruce_ciclos | mutacion_inversion | mut:0.05 | pob:50 | elit:True,cruce_ciclos,mutacion_inversion,0.05,50,True,125876.7272123845,0,0.07421052631578946
cruce_ciclos | mutacion_inversion | mut:0.05 | pob:50 | elit:True,cruce_ciclos,mutacion_inversion,0.05,50,True,117315.49039508722,1,0.13842105263157894
cruce_ciclos | mutacion_inversion | mut:0.05 | pob:50 | elit:True,cruce_ciclos,mutacion_inversion,0.05,50,True,126676.81488254895,2,0.09789473684210527
cruce_ciclos | mutacion_inversion | mut:0.05 | pob:50 | elit:True,cruce_ciclos,mutacion_inversion,0.05,50,True,141839.42840070432,3,0.10078947368421051
cruce_ciclos | mutacion_inversion | mut:0.05 | pob:50 | elit:True,cruce_ciclos,mutacion_inversion,0.05,50,True,133627.07657562778,4,0.08605263157894737
cruce_ciclos | mutacion_inversion | mut:0.05 | pob:50 | elit:True,cruce_ciclos,mutacion_inversion,0.05,50,True,102585.12330830746,5,0.08894736842105262
cruce_ciclos | mutacion_inversion | mut:0.05 | pob:50 | elit:True,cruce_ciclos,mutacion_inversion,0.05,50,True,124150.60282294266,6,0.08684210526315791
cruce_ciclos | mutacion_inversion | mut:0.05 | pob:50 | elit:True,cruce_ciclos,mutacion_inversion,0.05,50,True,138694.7417565536,7,0.09552631578947367
cruce_ciclos | mutacion_inversion | mut:0.05 | pob:50 | elit:True,cruce_ciclos,mutacion_inversion,0.05,50,True,137628.51283625234,8,0.10868421052631579
cruce_ciclos | mutacion_inversion | mut:0.05 | pob:50 | elit:True,cruce_ciclos,mutacion_inversion,0.05,50,True,134438.27024612203,9,0.195
cruce_ciclos | mutacion_inversion | mut:0.05 | pob:50 | elit:True,cruce_ciclos,mutacion_inversion,0.05,50,True,133364.12517934883,10,0.10605263157894736
cruce_ciclos | mutacion_inversion | mut:0.05 | pob:50 | elit:True,cruce_ciclos,mutacion_inversion,0.05,50,True,113632.51909438265,11,0.06631578947368422
cruce_ciclos | mutacion_inversion | mut:0.05 | pob:50 | elit:True,cruce_ciclos,mutacion_inversion,0.05,50,True,128995.44737562466,12,0.07894736842105263
cruce_ciclos | mutacion_inversion | mut:0.05 | pob:50 | elit:True,cruce_ciclos,mutacion_inversion,0.05,50,True,139382.02524535026,13,0.07184210526315789
cruce_ciclos | mutacion_inversion | mut:0.05 | pob:50 | elit:True,cruce_ciclos,mutacion_inversion,0.05,50,True,132559.1182354823,14,0.06078947368421053
cruce_ciclos | mutacion_inversion | mut:0.05 | pob:50 | elit:True,cruce_ciclos,mutacion_inversion,0.05,50,True,137163.83587491693,15,0.13473684210526315
cruce_ciclos | mutacion_inversion | mut:0.05 | pob:50 | elit:True,cruce_ciclos,mutacion_inversion,0.05,50,True,133309.30630448047,16,0.11
cruce_ciclos | mutacion_inversion | mut:0.05 | pob:50 | elit:True,cruce_ciclos,mutacion_inversion,0.05,50,True,136202.4648803651,17,0.06184210526315789
cruce_ciclos | mutacion_inversion | mut:0.05 | pob:50 | elit:True,cruce_ciclos,mutacion_inversion,0.05,50,True,126202.1927163009,18,0.16315789473684209
cruce_ciclos | mutacion_inversion | mut:0.05 | pob:50 | elit:True,cruce_ciclos,mutacion_inversion,0.05,50,True,115045.41438981266,19,0.10894736842105264
cruce_ciclos | mutacion_inversion | mut:0.05 | pob:50 | elit:True,cruce_ciclos,mutacion_inversion,0.05,50,True,125779.90341143543,20,0.18236842105263157
cruce_ciclos | mutacion_inversion | mut:0.05 | pob:50 | elit:True,cruce_ciclos,mutacion_inversion,0.05,50,True,124244.86377646624,21,0.06578947368421052
cruce_ciclos | mutacion_inversion | mut:0.05 | pob:50 | elit:True,cruce_ciclos,mutacion_inversion,0.05,50,True,127630.21798594453,22,0.0663157894736842
cruce_ciclos | mutacion_inversion | mut:0.05 | pob:50 | elit:True,cruce_ciclos,mutacion_inversion,0.05,50,True,133389.61423808098,23,0.07921052631578948
cruce_ciclos | mutacion_inversion | mut:0.05 | pob:50 | elit:True,cruce_ciclos,mutacion_inversion,0.05,50,True,129874.03462329024,24,0.22447368421052633
cruce_ciclos | mutacion_inversion | mut:0.05 | pob:50 | elit:True,cruce_ciclos,mutacion_inversion,0.05,50,True,131911.2610699859,25,0.1518421052631579
cruce_ciclos | mutacion_inversion | mut:0.05 | pob:50 | elit:True,cruce_ciclos,mutacion_inversion,0.05,50,True,134837.5124304675,26,0.085
cruce_ciclos | mutacion_inversion | mut:0.05 | pob:50 | elit:True,cruce_ciclos,mutacion_inversion,0.05,50,True,130069.66592215418,27,0.08894736842105264
cruce_ciclos | mutacion_inversion | mut:0.05 | pob:50 | elit:True,cruce_ciclos,mutacion_inversion,0.05,50,True,129986.16477018056,28,0.07578947368421052
cruce_ciclos | mutacion_inversion | mut:0.05 | pob:50 | elit:True,cruce_ciclos,mutacion_inversion,0.05,50,True,119828.87609504852,29,0.06868421052631579
cruce_ciclos | mutacion_inversion | mut:0.05 | pob:100 | elit:True,cruce_ciclos,mutacion_inversion,0.05,100,True,121480.51594141082,0,0.17394736842105263
cruce_ciclos | mutacion_inversion | mut:0.05 | pob:100 | elit:True,cruce_ciclos,mutacion_inversion,0.05,100,True,128727.10176323201,1,0.18578947368421056
cruce_ciclos | mutacion_inversion | mut:0.05 | pob:100 | elit:True,cruce_ciclos,mutacion_inversion,0.05,100,True,124093.72171173726,2,0.17473684210526316
cruce_ciclos | mutacion_inversion | mut:0.05 | pob:100 | elit:True,cruce_ciclos,mutacion_inversion,0.05,100,True,135735.5750342009,3,0.08368421052631579
cruce_ciclos | mutacion_inversion | mut:0.05 | pob:100 | elit:True,cruce_ciclos,mutacion_inversion,0.05,100,True,132322.12360264707,4,0.13157894736842107
cruce_ciclos | mutacion_inversion | mut:0.05 | pob:100 | elit:True,cruce_ciclos,mutacion_inversion,0.05,100,True,130298.45043536578,5,0.09289473684210525
cruce_ciclos | mutacion_inversion | mut:0.05 | pob:100 | elit:True,cruce_ciclos,mutacion_inversion,0.05,100,True,135033.80423465645,6,0.10289473684210527
cruce_ciclos | mutacion_inversion | mut:0.05 | pob:100 | elit:True,cruce_ciclos,mutacion_inversion,0.05,100,True,132566.36902521312,7,0.13973684210526316
cruce_ciclos | mutacion_inversion | mut:0.05 | pob:100 | elit:True,cruce_ciclos,mutacion_inversion,0.05,100,True,127904.89752444699,8,0.10921052631578947
cruce_ciclos | mutacion_inversion | mut:0.05 | pob:100 | elit:True,cruce_ciclos,mutacion_inversion,0.05,100,True,130594.18915105831,9,0.13342105263157894
cruce_ciclos | mutacion_inversion | mut:0.05 | pob:100 | elit:True,cruce_ciclos,mutacion_inversion,0.05,100,True,133368.6406687906,10,0.12342105263157896
cruce_ciclos | mutacion_inversion | mut:0.05 | pob:100 | elit:True,cruce_ciclos,mutacion_inversion,0.05,100,True,117554.4792150215,11,0.13815789473684212
cruce_ciclos | mutacion_inversion | mut:0.05 | pob:100 | elit:True,cruce_ciclos,mutacion_inversion,0.05,100,True,124245.34103006417,12,0.08657894736842105
cruce_ciclos | mutacion_inversion | mut:0.05 | pob:100 | elit:True,cruce_ciclos,mutacion_inversion,0.05,100,True,119499.39521368753,13,0.11736842105263158
cruce_ciclos | mutacion_inversion | mut:0.05 | pob:100 | elit:True,cruce_ciclos,mutacion_inversion,0.05,100,True,129308.93879479238,14,0.1118421052631579
cruce_ciclos | mutacion_inversion | mut:0.05 | pob:100 | elit:True,cruce_ciclos,mutacion_inversion,0.05,100,True,131182.07548477687,15,0.09684210526315791
cruce_ciclos | mutacion_inversion | mut:0.05 | pob:100 | elit:True,cruce_ciclos,mutacion_inversion,0.05,100,True,124470.91814356056,16,0.061052631578947365
cruce_ciclos | mutacion_inversion | mut:0.05 | pob:100 | elit:True,cruce_ciclos,mutacion_inversion,0.05,100,True,136416.48159036634,17,0.1463157894736842
cruce_ciclos | mutacion_inversion | mut:0.05 | pob:100 | elit:True,cruce_ciclos,mutacion_inversion,0.05,100,True,126043.92047527594,18,0.095
cruce_ciclos | mutacion_inversion | mut:0.05 | pob:100 | elit:True,cruce_ciclos,mutacion_inversion,0.05,100,True,127732.33840772042,19,0.09
cruce_ciclos | mutacion_inversion | mut:0.05 | pob:100 | elit:True,cruce_ciclos,mutacion_inversion,0.05,100,True,126245.6484040201,20,0.10578947368421053
cruce_ciclos | mutacion_inversion | mut:0.05 | pob:100 | elit:True,cruce_ciclos,mutacion_inversion,0.05,100,True,129824.51273004682,21,0.09184210526315789
cruce_ciclos | mutacion_inversion | mut:0.05 | pob:100 | elit:True,cruce_ciclos,mutacion_inversion,0.05,100,True,126435.09440794337,22,0.10973684210526315
cruce_ciclos | mutacion_inversion | mut:0.05 | pob:100 | elit:True,cruce_ciclos,mutacion_inversion,0.05,100,True,113974.40020872054,23,0.13842105263157894
cruce_ciclos | mutacion_inversion | mut:0.05 | pob:100 | elit:True,cruce_ciclos,mutacion_inversion,0.05,100,True,125647.45392034913,24,0.11842105263157894
cruce_ciclos | mutacion_inversion | mut:0.05 | pob:100 | elit:True,cruce_ciclos,mutacion_inversion,0.05,100,True,123716.20733869307,25,0.0731578947368421
cruce_ciclos | mutacion_inversion | mut:0.05 | pob:100 | elit:True,cruce_ciclos,mutacion_inversion,0.05,100,True,125430.75529644359,26,0.10289473684210527
cruce_ciclos | mutacion_inversion | mut:0.05 | pob:100 | elit:True,cruce_ciclos,mutacion_inversion,0.05,100,True,121980.53606848815,27,0.11526315789473685
cruce_ciclos | mutacion_inversion | mut:0.05 | pob:100 | elit:True,cruce_ciclos,mutacion_inversion,0.05,100,True,127424.57823740231,28,0.05605263157894736
cruce_ciclos | mutacion_inversion | mut:0.05 | pob:100 | elit:True,cruce_ciclos,mutacion_inversion,0.05,100,True,126549.23354197027,29,0.11
cruce_ciclos | mutacion_inversion | mut:0.05 | pob:200 | elit:True,cruce_ciclos,mutacion_inversion,0.05,200,True,124840.35635148054,0,0.10236842105263158
cruce_ciclos | mutacion_inversion | mut:0.05 | pob:200 | elit:True,cruce_ciclos,mutacion_inversion,0.05,200,True,121076.08517993739,1,0.08026315789473686
cruce_ciclos | mutacion_inversion | mut:0.05 | pob:200 | elit:True,cruce_ciclos,mutacion_inversion,0.05,200,True,123020.50669367603,2,0.10578947368421052
cruce_ciclos | mutacion_inversion | mut:0.05 | pob:200 | elit:True,cruce_ciclos,mutacion_inversion,0.05,200,True,118813.04894422594,3,0.10815789473684209
cruce_ciclos | mutacion_inversion | mut:0.05 | pob:200 | elit:True,cruce_ciclos,mutacion_inversion,0.05,200,True,125110.17793757908,4,0.1481578947368421
cruce_ciclos | mutacion_inversion | mut:0.05 | pob:200 | elit:True,cruce_ciclos,mutacion_inversion,0.05,200,True,124869.59715152366,5,0.11105263157894738
cruce_ciclos | mutacion_inversion | mut:0.05 | pob:200 | elit:True,cruce_ciclos,mutacion_inversion,0.05,200,True,122761.47447009222,6,0.08131578947368422
cruce_ciclos | mutacion_inversion | mut:0.05 | pob:200 | elit:True,cruce_ciclos,mutacion_inversion,0.05,200,True,125982.32834327803,7,0.07394736842105262
cruce_ciclos | mutacion_inversion | mut:0.05 | pob:200 | elit:True,cruce_ciclos,mutacion_inversion,0.05,200,True,128636.46621734148,8,0.09736842105263158
cruce_ciclos | mutacion_inversion | mut:0.05 | pob:200 | elit:True,cruce_ciclos,mutacion_inversion,0.05,200,True,130218.65730578995,9,0.12157894736842106
cruce_ciclos | mutacion_inversion | mut:0.05 | pob:200 | elit:True,cruce_ciclos,mutacion_inversion,0.05,200,True,128306.49203717454,10,0.10631578947368421
cruce_ciclos | mutacion_inversion | mut:0.05 | pob:200 | elit:True,cruce_ciclos,mutacion_inversion,0.05,200,True,127824.2560043723,11,0.07631578947368421
cruce_ciclos | mutacion_inversion | mut:0.05 | pob:200 | elit:True,cruce_ciclos,mutacion_inversion,0.05,200,True,128703.2758303874,12,0.12631578947368421
cruce_ciclos | mutacion_inversion | mut:0.05 | pob:200 | elit:True,cruce_ciclos,mutacion_inversion,0.05,200,True,127905.07041460449,13,0.10789473684210528
cruce_ciclos | mutacion_inversion | mut:0.05 | pob:200 | elit:True,cruce_ciclos,mutacion_inversion,0.05,200,True,127693.08330584563,14,0.14684210526315788
cruce_ciclos | mutacion_inversion | mut:0.05 | pob:200 | elit:True,cruce_ciclos,mutacion_inversion,0.05,200,True,112428.81196548638,15,0.08421052631578947
cruce_ciclos | mutacion_inversion | mut:0.05 | pob:200 | elit:True,cruce_ciclos,mutacion_inversion,0.05,200,True,110479.08140594458,16,0.09973684210526317
cruce_ciclos | mutacion_inversion | mut:0.05 | pob:200 | elit:True,cruce_ciclos,mutacion_inversion,0.05,200,True,121772.50653309285,17,0.1168421052631579
cruce_ciclos | mutacion_inversion | mut:0.05 | pob:200 | elit:True,cruce_ciclos,mutacion_inversion,0.05,200,True,118860.80763923515,18,0.17526315789473684
cruce_ciclos | mutacion_inversion | mut:0.05 | pob:200 | elit:True,cruce_ciclos,mutacion_inversion,0.05,200,True,124648.16826523672,19,0.08789473684210526
cruce_ciclos | mutacion_inversion | mut:0.05 | pob:200 | elit:True,cruce_ciclos,mutacion_inversion,0.05,200,True,119384.07402704025,20,0.12342105263157893
cruce_ciclos | mutacion_inversion | mut:0.05 | pob:200 | elit:True,cruce_ciclos,mutacion_inversion,0.05,200,True,124088.07931953519,21,0.11026315789473685
cruce_ciclos | mutacion_inversion | mut:0.05 | pob:200 | elit:True,cruce_ciclos,mutacion_inversion,0.05,200,True,131825.18370330066,22,0.11368421052631579
cruce_ciclos | mutacion_inversion | mut:0.05 | pob:200 | elit:True,cruce_ciclos,mutacion_inversion,0.05,200,True,123453.55895322001,23,0.12631578947368421
cruce_ciclos | mutacion_inversion | mut:0.05 | pob:200 | elit:True,cruce_ciclos,mutacion_inversion,0.05,200,True,119488.92814919387,24,0.13526315789473686
cruce_ciclos | mutacion_inversion | mut:0.05 | pob:200 | elit:True,cruce_ciclos,mutacion_inversion,0.05,200,True,125282.2067914736,25,0.12894736842105264
cruce_ciclos | mutacion_inversion | mut:0.05 | pob:200 | elit:True,cruce_ciclos,mutacion_inversion,0.05,200,True,121441.35489473645,26,0.09210526315789473
cruce_ciclos | mutacion_inversion | mut:0.05 | pob:200 | elit:True,cruce_ciclos,mutacion_inversion,0.05,200,True,121970.07108518238,27,0.0855263157894737
cruce_ciclos | mutacion_inversion | mut:0.05 | pob:200 | elit:True,cruce_ciclos,mutacion_inversion,0.05,200,True,125569.77199975199,28,0.09105263157894736
cruce_ciclos | mutacion_inversion | mut:0.05 | pob:200 | elit:True,cruce_ciclos,mutacion_inversion,0.05,200,True,129947.03641010384,29,0.1205263157894737
cruce_ciclos | mutacion_inversion | mut:0.1 | pob:50 | elit:True,cruce_ciclos,mutacion_inversion,0.1,50,True,127030.80768158133,0,0.1313157894736842
cruce_ciclos | mutacion_inversion | mut:0.1 | pob:50 | elit:True,cruce_ciclos,mutacion_inversion,0.1,50,True,128301.22078371544,1,0.0863157894736842
cruce_ciclos | mutacion_inversion | mut:0.1 | pob:50 | elit:True,cruce_ciclos,mutacion_inversion,0.1,50,True,126243.62353386606,2,0.04605263157894737
cruce_ciclos | mutacion_inversion | mut:0.1 | pob:50 | elit:True,cruce_ciclos,mutacion_inversion,0.1,50,True,121348.675477552,3,0.08789473684210526
cruce_ciclos | mutacion_inversion | mut:0.1 | pob:50 | elit:True,cruce_ciclos,mutacion_inversion,0.1,50,True,116954.54070931683,4,0.09421052631578948
cruce_ciclos | mutacion_inversion | mut:0.1 | pob:50 | elit:True,cruce_ciclos,mutacion_inversion,0.1,50,True,121410.56391434996,5,0.10736842105263157
cruce_ciclos | mutacion_inversion | mut:0.1 | pob:50 | elit:True,cruce_ciclos,mutacion_inversion,0.1,50,True,133207.19456929443,6,0.22131578947368422
cruce_ciclos | mutacion_inversion | mut:0.1 | pob:50 | elit:True,cruce_ciclos,mutacion_inversion,0.1,50,True,135018.05849224012,7,0.0781578947368421
cruce_ciclos | mutacion_inversion | mut:0.1 | pob:50 | elit:True,cruce_ciclos,mutacion_inversion,0.1,50,True,130716.38792319318,8,0.31078947368421056
cruce_ciclos | mutacion_inversion | mut:0.1 | pob:50 | elit:True,cruce_ciclos,mutacion_inversion,0.1,50,True,119140.5778048905,9,0.11157894736842106
cruce_ciclos | mutacion_inversion | mut:0.1 | pob:50 | elit:True,cruce_ciclos,mutacion_inversion,0.1,50,True,126382.23168052192,10,0.19631578947368422
cruce_ciclos | mutacion_inversion | mut:0.1 | pob:50 | elit:True,cruce_ciclos,mutacion_inversion,0.1,50,True,129383.24561489839,11,0.08973684210526316
cruce_ciclos | mutacion_inversion | mut:0.1 | pob:50 | elit:True,cruce_ciclos,mutacion_inversion,0.1,50,True,133663.97110563813,12,0.12263157894736841
cruce_ciclos | mutacion_inversion | mut:0.1 | pob:50 | elit:True,cruce_ciclos,mutacion_inversion,0.1,50,True,122004.83164546409,13,0.10684210526315789
cruce_ciclos | mutacion_inversion | mut:0.1 | pob:50 | elit:True,cruce_ciclos,mutacion_inversion,0.1,50,True,140251.60274212013,14,0.08894736842105264
cruce_ciclos | mutacion_inversion | mut:0.1 | pob:50 | elit:True,cruce_ciclos,mutacion_inversion,0.1,50,True,140682.42527989624,15,0.10499999999999998
cruce_ciclos | mutacion_inversion | mut:0.1 | pob:50 | elit:True,cruce_ciclos,mutacion_inversion,0.1,50,True,131502.3370222772,16,0.23105263157894737
cruce_ciclos | mutacion_inversion | mut:0.1 | pob:50 | elit:True,cruce_ciclos,mutacion_inversion,0.1,50,True,133977.02159092994,17,0.1394736842105263
cruce_ciclos | mutacion_inversion | mut:0.1 | pob:50 | elit:True,cruce_ciclos,mutacion_inversion,0.1,50,True,122734.72481054782,18,0.09473684210526315
cruce_ciclos | mutacion_inversion | mut:0.1 | pob:50 | elit:True,cruce_ciclos,mutacion_inversion,0.1,50,True,130123.34264922341,19,0.115
cruce_ciclos | mutacion_inversion | mut:0.1 | pob:50 | elit:True,cruce_ciclos,mutacion_inversion,0.1,50,True,130676.08249220565,20,0.08026315789473686
cruce_ciclos | mutacion_inversion | mut:0.1 | pob:50 | elit:True,cruce_ciclos,mutacion_inversion,0.1,50,True,137985.60904301965,21,0.11342105263157894
cruce_ciclos | mutacion_inversion | mut:0.1 | pob:50 | elit:True,cruce_ciclos,mutacion_inversion,0.1,50,True,132872.3803013158,22,0.08078947368421051
cruce_ciclos | mutacion_inversion | mut:0.1 | pob:50 | elit:True,cruce_ciclos,mutacion_inversion,0.1,50,True,136452.41480406787,23,0.13763157894736844
cruce_ciclos | mutacion_inversion | mut:0.1 | pob:50 | elit:True,cruce_ciclos,mutacion_inversion,0.1,50,True,123993.13171675008,24,0.08789473684210526
cruce_ciclos | mutacion_inversion | mut:0.1 | pob:50 | elit:True,cruce_ciclos,mutacion_inversion,0.1,50,True,134606.22944103964,25,0.14473684210526316
cruce_ciclos | mutacion_inversion | mut:0.1 | pob:50 | elit:True,cruce_ciclos,mutacion_inversion,0.1,50,True,133304.48750225332,26,0.09578947368421051
cruce_ciclos | mutacion_inversion | mut:0.1 | pob:50 | elit:True,cruce_ciclos,mutacion_inversion,0.1,50,True,128153.26413845956,27,0.13789473684210524
cruce_ciclos | mutacion_inversion | mut:0.1 | pob:50 | elit:True,cruce_ciclos,mutacion_inversion,0.1,50,True,113154.42350611072,28,0.09473684210526315
cruce_ciclos | mutacion_inversion | mut:0.1 | pob:50 | elit:True,cruce_ciclos,mutacion_inversion,0.1,50,True,120630.40028573658,29,0.09421052631578947
cruce_ciclos | mutacion_inversion | mut:0.1 | pob:100 | elit:True,cruce_ciclos,mutacion_inversion,0.1,100,True,126496.20349237404,0,0.1518421052631579
cruce_ciclos | mutacion_inversion | mut:0.1 | pob:100 | elit:True,cruce_ciclos,mutacion_inversion,0.1,100,True,101407.03763439071,1,0.14078947368421052
cruce_ciclos | mutacion_inversion | mut:0.1 | pob:100 | elit:True,cruce_ciclos,mutacion_inversion,0.1,100,True,129678.16010528289,2,0.14605263157894738
cruce_ciclos | mutacion_inversion | mut:0.1 | pob:100 | elit:True,cruce_ciclos,mutacion_inversion,0.1,100,True,117065.10831565721,3,0.10342105263157894
cruce_ciclos | mutacion_inversion | mut:0.1 | pob:100 | elit:True,cruce_ciclos,mutacion_inversion,0.1,100,True,129514.77391233432,4,0.10578947368421052
cruce_ciclos | mutacion_inversion | mut:0.1 | pob:100 | elit:True,cruce_ciclos,mutacion_inversion,0.1,100,True,128151.30903668322,5,0.1286842105263158
cruce_ciclos | mutacion_inversion | mut:0.1 | pob:100 | elit:True,cruce_ciclos,mutacion_inversion,0.1,100,True,115018.16654901607,6,0.09236842105263157
cruce_ciclos | mutacion_inversion | mut:0.1 | pob:100 | elit:True,cruce_ciclos,mutacion_inversion,0.1,100,True,113294.430911088,7,0.12315789473684209
cruce_ciclos | mutacion_inversion | mut:0.1 | pob:100 | elit:True,cruce_ciclos,mutacion_inversion,0.1,100,True,128769.10164325737,8,0.17763157894736842
cruce_ciclos | mutacion_inversion | mut:0.1 | pob:100 | elit:True,cruce_ciclos,mutacion_inversion,0.1,100,True,128848.46519251916,9,0.07894736842105263
cruce_ciclos | mutacion_inversion | mut:0.1 | pob:100 | elit:True,cruce_ciclos,mutacion_inversion,0.1,100,True,130376.27771512774,10,0.12157894736842106
cruce_ciclos | mutacion_inversion | mut:0.1 | pob:100 | elit:True,cruce_ciclos,mutacion_inversion,0.1,100,True,113826.09130467926,11,0.11421052631578946
cruce_ciclos | mutacion_inversion | mut:0.1 | pob:100 | elit:True,cruce_ciclos,mutacion_inversion,0.1,100,True,129560.03204515786,12,0.06921052631578947
cruce_ciclos | mutacion_inversion | mut:0.1 | pob:100 | elit:True,cruce_ciclos,mutacion_inversion,0.1,100,True,129612.72139675143,13,0.17078947368421052
cruce_ciclos | mutacion_inversion | mut:0.1 | pob:100 | elit:True,cruce_ciclos,mutacion_inversion,0.1,100,True,133246.93656250503,14,0.21789473684210528
cruce_ciclos | mutacion_inversion | mut:0.1 | pob:100 | elit:True,cruce_ciclos,mutacion_inversion,0.1,100,True,129835.50546720426,15,0.11105263157894736
cruce_ciclos | mutacion_inversion | mut:0.1 | pob:100 | elit:True,cruce_ciclos,mutacion_inversion,0.1,100,True,129053.53776718829,16,0.1
cruce_ciclos | mutacion_inversion | mut:0.1 | pob:100 | elit:True,cruce_ciclos,mutacion_inversion,0.1,100,True,116684.89532817143,17,0.13157894736842107
cruce_ciclos | mutacion_inversion | mut:0.1 | pob:100 | elit:True,cruce_ciclos,mutacion_inversion,0.1,100,True,126171.26070741857,18,0.11657894736842106
cruce_ciclos | mutacion_inversion | mut:0.1 | pob:100 | elit:True,cruce_ciclos,mutacion_inversion,0.1,100,True,129902.60564203313,19,0.1518421052631579
cruce_ciclos | mutacion_inversion | mut:0.1 | pob:100 | elit:True,cruce_ciclos,mutacion_inversion,0.1,100,True,127172.25297667037,20,0.15605263157894736
cruce_ciclos | mutacion_inversion | mut:0.1 | pob:100 | elit:True,cruce_ciclos,mutacion_inversion,0.1,100,True,117025.38879501294,21,0.22236842105263158
cruce_ciclos | mutacion_inversion | mut:0.1 | pob:100 | elit:True,cruce_ciclos,mutacion_inversion,0.1,100,True,120422.0366019151,22,0.12394736842105264
cruce_ciclos | mutacion_inversion | mut:0.1 | pob:100 | elit:True,cruce_ciclos,mutacion_inversion,0.1,100,True,107229.43199899392,23,0.15605263157894736
cruce_ciclos | mutacion_inversion | mut:0.1 | pob:100 | elit:True,cruce_ciclos,mutacion_inversion,0.1,100,True,120543.6641808921,24,0.09842105263157894
cruce_ciclos | mutacion_inversion | mut:0.1 | pob:100 | elit:True,cruce_ciclos,mutacion_inversion,0.1,100,True,120898.46116365043,25,0.10868421052631579
cruce_ciclos | mutacion_inversion | mut:0.1 | pob:100 | elit:True,cruce_ciclos,mutacion_inversion,0.1,100,True,124944.76530795943,26,0.11157894736842106
cruce_ciclos | mutacion_inversion | mut:0.1 | pob:100 | elit:True,cruce_ciclos,mutacion_inversion,0.1,100,True,129642.43600705548,27,0.1294736842105263
cruce_ciclos | mutacion_inversion | mut:0.1 | pob:100 | elit:True,cruce_ciclos,mutacion_inversion,0.1,100,True,128659.70910584411,28,0.3505263157894737
cruce_ciclos | mutacion_inversion | mut:0.1 | pob:100 | elit:True,cruce_ciclos,mutacion_inversion,0.1,100,True,126535.83128283347,29,0.18289473684210528
cruce_ciclos | mutacion_inversion | mut:0.1 | pob:200 | elit:True,cruce_ciclos,mutacion_inversion,0.1,200,True,121586.14267566589,0,0.15815789473684208
cruce_ciclos | mutacion_inversion | mut:0.1 | pob:200 | elit:True,cruce_ciclos,mutacion_inversion,0.1,200,True,125353.94080046806,1,0.10210526315789473
cruce_ciclos | mutacion_inversion | mut:0.1 | pob:200 | elit:True,cruce_ciclos,mutacion_inversion,0.1,200,True,126975.65213577973,2,0.11894736842105263
cruce_ciclos | mutacion_inversion | mut:0.1 | pob:200 | elit:True,cruce_ciclos,mutacion_inversion,0.1,200,True,122678.41110711562,3,0.12078947368421052
cruce_ciclos | mutacion_inversion | mut:0.1 | pob:200 | elit:True,cruce_ciclos,mutacion_inversion,0.1,200,True,112877.86038492329,4,0.09684210526315788
cruce_ciclos | mutacion_inversion | mut:0.1 | pob:200 | elit:True,cruce_ciclos,mutacion_inversion,0.1,200,True,126350.66308578082,5,0.08236842105263158
cruce_ciclos | mutacion_inversion | mut:0.1 | pob:200 | elit:True,cruce_ciclos,mutacion_inversion,0.1,200,True,110680.82220889746,6,0.11605263157894737
cruce_ciclos | mutacion_inversion | mut:0.1 | pob:200 | elit:True,cruce_ciclos,mutacion_inversion,0.1,200,True,121832.65586367903,7,0.1423684210526316
cruce_ciclos | mutacion_inversion | mut:0.1 | pob:200 | elit:True,cruce_ciclos,mutacion_inversion,0.1,200,True,121378.56882954661,8,0.09947368421052633
cruce_ciclos | mutacion_inversion | mut:0.1 | pob:200 | elit:True,cruce_ciclos,mutacion_inversion,0.1,200,True,122348.50963109649,9,0.13236842105263158
cruce_ciclos | mutacion_inversion | mut:0.1 | pob:200 | elit:True,cruce_ciclos,mutacion_inversion,0.1,200,True,121561.48804540426,10,0.14894736842105263
cruce_ciclos | mutacion_inversion | mut:0.1 | pob:200 | elit:True,cruce_ciclos,mutacion_inversion,0.1,200,True,121309.83517508833,11,0.1194736842105263
cruce_ciclos | mutacion_inversion | mut:0.1 | pob:200 | elit:True,cruce_ciclos,mutacion_inversion,0.1,200,True,116717.9911848468,12,0.09763157894736843
cruce_ciclos | mutacion_inversion | mut:0.1 | pob:200 | elit:True,cruce_ciclos,mutacion_inversion,0.1,200,True,121175.48359024191,13,0.15710526315789475
cruce_ciclos | mutacion_inversion | mut:0.1 | pob:200 | elit:True,cruce_ciclos,mutacion_inversion,0.1,200,True,129447.68717607643,14,0.18526315789473685
cruce_ciclos | mutacion_inversion | mut:0.1 | pob:200 | elit:True,cruce_ciclos,mutacion_inversion,0.1,200,True,121131.4842713579,15,0.11552631578947369
cruce_ciclos | mutacion_inversion | mut:0.1 | pob:200 | elit:True,cruce_ciclos,mutacion_inversion,0.1,200,True,123715.49959476294,16,0.14105263157894737
cruce_ciclos | mutacion_inversion | mut:0.1 | pob:200 | elit:True,cruce_ciclos,mutacion_inversion,0.1,200,True,118471.66047732385,17,0.08789473684210526
cruce_ciclos | mutacion_inversion | mut:0.1 | pob:200 | elit:True,cruce_ciclos,mutacion_inversion,0.1,200,True,112429.06952634017,18,0.12052631578947368
cruce_ciclos | mutacion_inversion | mut:0.1 | pob:200 | elit:True,cruce_ciclos,mutacion_inversion,0.1,200,True,118814.47554699187,19,0.11473684210526315
cruce_ciclos | mutacion_inversion | mut:0.1 | pob:200 | elit:True,cruce_ciclos,mutacion_inversion,0.1,200,True,120203.15045721305,20,0.15236842105263157
cruce_ciclos | mutacion_inversion | mut:0.1 | pob:200 | elit:True,cruce_ciclos,mutacion_inversion,0.1,200,True,114303.71978574648,21,0.18157894736842103
cruce_ciclos | mutacion_inversion | mut:0.1 | pob:200 | elit:True,cruce_ciclos,mutacion_inversion,0.1,200,True,123113.64854354126,22,0.13210526315789473
cruce_ciclos | mutacion_inversion | mut:0.1 | pob:200 | elit:True,cruce_ciclos,mutacion_inversion,0.1,200,True,108918.06825560286,23,0.16815789473684212
cruce_ciclos | mutacion_inversion | mut:0.1 | pob:200 | elit:True,cruce_ciclos,mutacion_inversion,0.1,200,True,122032.71021782188,24,0.23184210526315788
cruce_ciclos | mutacion_inversion | mut:0.1 | pob:200 | elit:True,cruce_ciclos,mutacion_inversion,0.1,200,True,119549.22721944281,25,0.10552631578947368
cruce_ciclos | mutacion_inversion | mut:0.1 | pob:200 | elit:True,cruce_ciclos,mutacion_inversion,0.1,200,True,118145.35029630408,26,0.11973684210526316
cruce_ciclos | mutacion_inversion | mut:0.1 | pob:200 | elit:True,cruce_ciclos,mutacion_inversion,0.1,200,True,120737.68184189379,27,0.14210526315789473
cruce_ciclos | mutacion_inversion | mut:0.1 | pob:200 | elit:True,cruce_ciclos,mutacion_inversion,0.1,200,True,126870.58018156866,28,0.08289473684210526
cruce_ciclos | mutacion_inversion | mut:0.1 | pob:200 | elit:True,cruce_ciclos,mutacion_inversion,0.1,200,True,119600.3471898635,29,0.1294736842105263
cruce_ciclos | mutacion_inversion | mut:0.2 | pob:50 | elit:True,cruce_ciclos,mutacion_inversion,0.2,50,True,132692.1545831772,0,0.12921052631578944
cruce_ciclos | mutacion_inversion | mut:0.2 | pob:50 | elit:True,cruce_ciclos,mutacion_inversion,0.2,50,True,131882.2197598911,1,0.10921052631578947
cruce_ciclos | mutacion_inversion | mut:0.2 | pob:50 | elit:True,cruce_ciclos,mutacion_inversion,0.2,50,True,128064.21228074552,2,0.14421052631578946
cruce_ciclos | mutacion_inversion | mut:0.2 | pob:50 | elit:True,cruce_ciclos,mutacion_inversion,0.2,50,True,130915.17301470338,3,0.261578947368421
cruce_ciclos | mutacion_inversion | mut:0.2 | pob:50 | elit:True,cruce_ciclos,mutacion_inversion,0.2,50,True,121780.64318126153,4,0.1755263157894737
cruce_ciclos | mutacion_inversion | mut:0.2 | pob:50 | elit:True,cruce_ciclos,mutacion_inversion,0.2,50,True,126827.57980893966,5,0.25026315789473685
cruce_ciclos | mutacion_inversion | mut:0.2 | pob:50 | elit:True,cruce_ciclos,mutacion_inversion,0.2,50,True,134340.5754857451,6,0.11815789473684209
cruce_ciclos | mutacion_inversion | mut:0.2 | pob:50 | elit:True,cruce_ciclos,mutacion_inversion,0.2,50,True,138541.1462418156,7,0.4263157894736842
cruce_ciclos | mutacion_inversion | mut:0.2 | pob:50 | elit:True,cruce_ciclos,mutacion_inversion,0.2,50,True,127273.9151113976,8,0.10157894736842105
cruce_ciclos | mutacion_inversion | mut:0.2 | pob:50 | elit:True,cruce_ciclos,mutacion_inversion,0.2,50,True,129694.74755436304,9,0.13052631578947366
cruce_ciclos | mutacion_inversion | mut:0.2 | pob:50 | elit:True,cruce_ciclos,mutacion_inversion,0.2,50,True,125907.08881803311,10,0.14342105263157895
cruce_ciclos | mutacion_inversion | mut:0.2 | pob:50 | elit:True,cruce_ciclos,mutacion_inversion,0.2,50,True,123003.96705774927,11,0.14026315789473684
cruce_ciclos | mutacion_inversion | mut:0.2 | pob:50 | elit:True,cruce_ciclos,mutacion_inversion,0.2,50,True,133796.7774488597,12,0.16263157894736843
cruce_ciclos | mutacion_inversion | mut:0.2 | pob:50 | elit:True,cruce_ciclos,mutacion_inversion,0.2,50,True,133519.82568963297,13,0.24815789473684208
cruce_ciclos | mutacion_inversion | mut:0.2 | pob:50 | elit:True,cruce_ciclos,mutacion_inversion,0.2,50,True,128562.27854195423,14,0.25631578947368416
cruce_ciclos | mutacion_inversion | mut:0.2 | pob:50 | elit:True,cruce_ciclos,mutacion_inversion,0.2,50,True,128502.20146427877,15,0.11394736842105263
cruce_ciclos | mutacion_inversion | mut:0.2 | pob:50 | elit:True,cruce_ciclos,mutacion_inversion,0.2,50,True,117643.9736855942,16,0.13447368421052633
cruce_ciclos | mutacion_inversion | mut:0.2 | pob:50 | elit:True,cruce_ciclos,mutacion_inversion,0.2,50,True,135151.86643610513,17,0.1986842105263158
cruce_ciclos | mutacion_inversion | mut:0.2 | pob:50 | elit:True,cruce_ciclos,mutacion_inversion,0.2,50,True,130604.3487779282,18,0.08657894736842105
cruce_ciclos | mutacion_inversion | mut:0.2 | pob:50 | elit:True,cruce_ciclos,mutacion_inversion,0.2,50,True,123441.34888605068,19,0.3005263157894737
cruce_ciclos | mutacion_inversion | mut:0.2 | pob:50 | elit:True,cruce_ciclos,mutacion_inversion,0.2,50,True,128491.69206714888,20,0.19657894736842108
cruce_ciclos | mutacion_inversion | mut:0.2 | pob:50 | elit:True,cruce_ciclos,mutacion_inversion,0.2,50,True,127147.11595022424,21,0.07421052631578946
cruce_ciclos | mutacion_inversion | mut:0.2 | pob:50 | elit:True,cruce_ciclos,mutacion_inversion,0.2,50,True,122428.2911219168,22,0.12421052631578945
cruce_ciclos | mutacion_inversion | mut:0.2 | pob:50 | elit:True,cruce_ciclos,mutacion_inversion,0.2,50,True,131902.52119058443,23,0.2155263157894737
cruce_ciclos | mutacion_inversion | mut:0.2 | pob:50 | elit:True,cruce_ciclos,mutacion_inversion,0.2,50,True,120933.25043102032,24,0.11368421052631578
cruce_ciclos | mutacion_inversion | mut:0.2 | pob:50 | elit:True,cruce_ciclos,mutacion_inversion,0.2,50,True,121493.27854512833,25,0.26315789473684215
cruce_ciclos | mutacion_inversion | mut:0.2 | pob:50 | elit:True,cruce_ciclos,mutacion_inversion,0.2,50,True,128049.14874300685,26,0.18842105263157896
cruce_ciclos | mutacion_inversion | mut:0.2 | pob:50 | elit:True,cruce_ciclos,mutacion_inversion,0.2,50,True,125030.6259923083,27,0.2
cruce_ciclos | mutacion_inversion | mut:0.2 | pob:50 | elit:True,cruce_ciclos,mutacion_inversion,0.2,50,True,130620.829879608,28,0.1376315789473684
cruce_ciclos | mutacion_inversion | mut:0.2 | pob:50 | elit:True,cruce_ciclos,mutacion_inversion,0.2,50,True,136292.58396434344,29,0.115
cruce_ciclos | mutacion_inversion | mut:0.2 | pob:100 | elit:True,cruce_ciclos,mutacion_inversion,0.2,100,True,124755.70528998476,0,0.09499999999999999
cruce_ciclos | mutacion_inversion | mut:0.2 | pob:100 | elit:True,cruce_ciclos,mutacion_inversion,0.2,100,True,129561.17084726032,1,0.15473684210526314
cruce_ciclos | mutacion_inversion | mut:0.2 | pob:100 | elit:True,cruce_ciclos,mutacion_inversion,0.2,100,True,118025.88587375089,2,0.20526315789473681
cruce_ciclos | mutacion_inversion | mut:0.2 | pob:100 | elit:True,cruce_ciclos,mutacion_inversion,0.2,100,True,129844.91302589372,3,0.16763157894736844
cruce_ciclos | mutacion_inversion | mut:0.2 | pob:100 | elit:True,cruce_ciclos,mutacion_inversion,0.2,100,True,129953.58180054116,4,0.17
cruce_ciclos | mutacion_inversion | mut:0.2 | pob:100 | elit:True,cruce_ciclos,mutacion_inversion,0.2,100,True,127141.92636724768,5,0.16578947368421051
cruce_ciclos | mutacion_inversion | mut:0.2 | pob:100 | elit:True,cruce_ciclos,mutacion_inversion,0.2,100,True,127851.19340471303,6,0.13973684210526316
cruce_ciclos | mutacion_inversion | mut:0.2 | pob:100 | elit:True,cruce_ciclos,mutacion_inversion,0.2,100,True,122146.56275212922,7,0.21710526315789472
cruce_ciclos | mutacion_inversion | mut:0.2 | pob:100 | elit:True,cruce_ciclos,mutacion_inversion,0.2,100,True,122887.82802154782,8,0.14210526315789473
cruce_ciclos | mutacion_inversion | mut:0.2 | pob:100 | elit:True,cruce_ciclos,mutacion_inversion,0.2,100,True,130038.81240246171,9,0.1557894736842105
cruce_ciclos | mutacion_inversion | mut:0.2 | pob:100 | elit:True,cruce_ciclos,mutacion_inversion,0.2,100,True,127312.96542281515,10,0.16973684210526316
cruce_ciclos | mutacion_inversion | mut:0.2 | pob:100 | elit:True,cruce_ciclos,mutacion_inversion,0.2,100,True,122147.88862690868,11,0.135
cruce_ciclos | mutacion_inversion | mut:0.2 | pob:100 | elit:True,cruce_ciclos,mutacion_inversion,0.2,100,True,120088.91055464832,12,0.18
cruce_ciclos | mutacion_inversion | mut:0.2 | pob:100 | elit:True,cruce_ciclos,mutacion_inversion,0.2,100,True,127569.35303817906,13,0.18289473684210525
cruce_ciclos | mutacion_inversion | mut:0.2 | pob:100 | elit:True,cruce_ciclos,mutacion_inversion,0.2,100,True,105374.15546456861,14,0.19368421052631576
cruce_ciclos | mutacion_inversion | mut:0.2 | pob:100 | elit:True,cruce_ciclos,mutacion_inversion,0.2,100,True,128462.68944102558,15,0.16763157894736844
cruce_ciclos | mutacion_inversion | mut:0.2 | pob:100 | elit:True,cruce_ciclos,mutacion_inversion,0.2,100,True,129477.5455746955,16,0.135
cruce_ciclos | mutacion_inversion | mut:0.2 | pob:100 | elit:True,cruce_ciclos,mutacion_inversion,0.2,100,True,117784.02521681922,17,0.17657894736842103
cruce_ciclos | mutacion_inversion | mut:0.2 | pob:100 | elit:True,cruce_ciclos,mutacion_inversion,0.2,100,True,118772.56895255377,18,0.15973684210526315
cruce_ciclos | mutacion_inversion | mut:0.2 | pob:100 | elit:True,cruce_ciclos,mutacion_inversion,0.2,100,True,128441.29266359581,19,0.21394736842105264
cruce_ciclos | mutacion_inversion | mut:0.2 | pob:100 | elit:True,cruce_ciclos,mutacion_inversion,0.2,100,True,125293.47337834386,20,0.23578947368421055
cruce_ciclos | mutacion_inversion | mut:0.2 | pob:100 | elit:True,cruce_ciclos,mutacion_inversion,0.2,100,True,133151.81591780763,21,0.14342105263157895
cruce_ciclos | mutacion_inversion | mut:0.2 | pob:100 | elit:True,cruce_ciclos,mutacion_inversion,0.2,100,True,129842.33752508277,22,0.19105263157894736
cruce_ciclos | mutacion_inversion | mut:0.2 | pob:100 | elit:True,cruce_ciclos,mutacion_inversion,0.2,100,True,135301.6588566011,23,0.1694736842105263
cruce_ciclos | mutacion_inversion | mut:0.2 | pob:100 | elit:True,cruce_ciclos,mutacion_inversion,0.2,100,True,119063.86771485655,24,0.1394736842105263
cruce_ciclos | mutacion_inversion | mut:0.2 | pob:100 | elit:True,cruce_ciclos,mutacion_inversion,0.2,100,True,117957.10025593569,25,0.20157894736842105
cruce_ciclos | mutacion_inversion | mut:0.2 | pob:100 | elit:True,cruce_ciclos,mutacion_inversion,0.2,100,True,134878.77029075008,26,0.10552631578947366
cruce_ciclos | mutacion_inversion | mut:0.2 | pob:100 | elit:True,cruce_ciclos,mutacion_inversion,0.2,100,True,125007.34833296735,27,0.1731578947368421
cruce_ciclos | mutacion_inversion | mut:0.2 | pob:100 | elit:True,cruce_ciclos,mutacion_inversion,0.2,100,True,124775.60083779272,28,0.16394736842105265
cruce_ciclos | mutacion_inversion | mut:0.2 | pob:100 | elit:True,cruce_ciclos,mutacion_inversion,0.2,100,True,130777.42473351276,29,0.25263157894736843
cruce_ciclos | mutacion_inversion | mut:0.2 | pob:200 | elit:True,cruce_ciclos,mutacion_inversion,0.2,200,True,123824.6021253294,0,0.18973684210526315
cruce_ciclos | mutacion_inversion | mut:0.2 | pob:200 | elit:True,cruce_ciclos,mutacion_inversion,0.2,200,True,119532.34142033156,1,0.16236842105263158
cruce_ciclos | mutacion_inversion | mut:0.2 | pob:200 | elit:True,cruce_ciclos,mutacion_inversion,0.2,200,True,115350.13364507181,2,0.19289473684210529
cruce_ciclos | mutacion_inversion | mut:0.2 | pob:200 | elit:True,cruce_ciclos,mutacion_inversion,0.2,200,True,124772.73737288453,3,0.12
cruce_ciclos | mutacion_inversion | mut:0.2 | pob:200 | elit:True,cruce_ciclos,mutacion_inversion,0.2,200,True,127935.00180622871,4,0.17210526315789473
cruce_ciclos | mutacion_inversion | mut:0.2 | pob:200 | elit:True,cruce_ciclos,mutacion_inversion,0.2,200,True,118562.09587441958,5,0.20026315789473684
cruce_ciclos | mutacion_inversion | mut:0.2 | pob:200 | elit:True,cruce_ciclos,mutacion_inversion,0.2,200,True,118501.3803832061,6,0.17052631578947366
cruce_ciclos | mutacion_inversion | mut:0.2 | pob:200 | elit:True,cruce_ciclos,mutacion_inversion,0.2,200,True,129690.97485163668,7,0.19026315789473686
cruce_ciclos | mutacion_inversion | mut:0.2 | pob:200 | elit:True,cruce_ciclos,mutacion_inversion,0.2,200,True,121653.86836970369,8,0.0826315789473684
cruce_ciclos | mutacion_inversion | mut:0.2 | pob:200 | elit:True,cruce_ciclos,mutacion_inversion,0.2,200,True,125301.7307725345,9,0.15684210526315787
cruce_ciclos | mutacion_inversion | mut:0.2 | pob:200 | elit:True,cruce_ciclos,mutacion_inversion,0.2,200,True,118867.02922578581,10,0.19921052631578945
cruce_ciclos | mutacion_inversion | mut:0.2 | pob:200 | elit:True,cruce_ciclos,mutacion_inversion,0.2,200,True,117809.37620336386,11,0.15736842105263157
cruce_ciclos | mutacion_inversion | mut:0.2 | pob:200 | elit:True,cruce_ciclos,mutacion_inversion,0.2,200,True,121459.04822108046,12,0.235
cruce_ciclos | mutacion_inversion | mut:0.2 | pob:200 | elit:True,cruce_ciclos,mutacion_inversion,0.2,200,True,123695.04885770206,13,0.2310526315789474
cruce_ciclos | mutacion_inversion | mut:0.2 | pob:200 | elit:True,cruce_ciclos,mutacion_inversion,0.2,200,True,124478.75042982433,14,0.14184210526315788
cruce_ciclos | mutacion_inversion | mut:0.2 | pob:200 | elit:True,cruce_ciclos,mutacion_inversion,0.2,200,True,117985.60910471805,15,0.1544736842105263
cruce_ciclos | mutacion_inversion | mut:0.2 | pob:200 | elit:True,cruce_ciclos,mutacion_inversion,0.2,200,True,117168.51152526085,16,0.17289473684210527
cruce_ciclos | mutacion_inversion | mut:0.2 | pob:200 | elit:True,cruce_ciclos,mutacion_inversion,0.2,200,True,120718.1046434008,17,0.16684210526315787
cruce_ciclos | mutacion_inversion | mut:0.2 | pob:200 | elit:True,cruce_ciclos,mutacion_inversion,0.2,200,True,127112.38683654147,18,0.26842105263157895
cruce_ciclos | mutacion_inversion | mut:0.2 | pob:200 | elit:True,cruce_ciclos,mutacion_inversion,0.2,200,True,119878.5404863165,19,0.13894736842105262
cruce_ciclos | mutacion_inversion | mut:0.2 | pob:200 | elit:True,cruce_ciclos,mutacion_inversion,0.2,200,True,122321.08026894476,20,0.18973684210526315
cruce_ciclos | mutacion_inversion | mut:0.2 | pob:200 | elit:True,cruce_ciclos,mutacion_inversion,0.2,200,True,129732.58130855398,21,0.19763157894736844
cruce_ciclos | mutacion_inversion | mut:0.2 | pob:200 | elit:True,cruce_ciclos,mutacion_inversion,0.2,200,True,125660.82825897317,22,0.19789473684210526
cruce_ciclos | mutacion_inversion | mut:0.2 | pob:200 | elit:True,cruce_ciclos,mutacion_inversion,0.2,200,True,118259.11241233711,23,0.1652631578947368
cruce_ciclos | mutacion_inversion | mut:0.2 | pob:200 | elit:True,cruce_ciclos,mutacion_inversion,0.2,200,True,120577.18265730032,24,0.20526315789473684
cruce_ciclos | mutacion_inversion | mut:0.2 | pob:200 | elit:True,cruce_ciclos,mutacion_inversion,0.2,200,True,120367.69563456983,25,0.16184210526315787
cruce_ciclos | mutacion_inversion | mut:0.2 | pob:200 | elit:True,cruce_ciclos,mutacion_inversion,0.2,200,True,124523.6181461145,26,0.24526315789473685
cruce_ciclos | mutacion_inversion | mut:0.2 | pob:200 | elit:True,cruce_ciclos,mutacion_inversion,0.2,200,True,121477.05749805254,27,0.18078947368421056
cruce_ciclos | mutacion_inversion | mut:0.2 | pob:200 | elit:True,cruce_ciclos,mutacion_inversion,0.2,200,True,123354.22907421361,28,0.13026315789473683
cruce_ciclos | mutacion_inversion | mut:0.2 | pob:200 | elit:True,cruce_ciclos,mutacion_inversion,0.2,200,True,122453.31068250429,29,0.16026315789473686
cruce_ciclos | mutacion_inversion | mut:0.05 | pob:50 | elit:False,cruce_ciclos,mutacion_inversion,0.05,50,False,210099.40651741528,0,0.010789473684210526
cruce_ciclos | mutacion_inversion | mut:0.05 | pob:50 | elit:False,cruce_ciclos,mutacion_inversion,0.05,50,False,208137.82384089762,1,0.008947368421052631
cruce_ciclos | mutacion_inversion | mut:0.05 | pob:50 | elit:False,cruce_ciclos,mutacion_inversion,0.05,50,False,204713.86822742928,2,0.005789473684210527
cruce_ciclos | mutacion_inversion | mut:0.05 | pob:50 | elit:False,cruce_ciclos,mutacion_inversion,0.05,50,False,209393.49768188206,3,0.02157894736842105
cruce_ciclos | mutacion_inversion | mut:0.05 | pob:50 | elit:False,cruce_ciclos,mutacion_inversion,0.05,50,False,209600.80252022148,4,0.012105263157894737
cruce_ciclos | mutacion_inversion | mut:0.05 | pob:50 | elit:False,cruce_ciclos,mutacion_inversion,0.05,50,False,203845.21418740557,5,0.022894736842105266
cruce_ciclos | mutacion_inversion | mut:0.05 | pob:50 | elit:False,cruce_ciclos,mutacion_inversion,0.05,50,False,163231.7871068134,6,0.24736842105263154
cruce_ciclos | mutacion_inversion | mut:0.05 | pob:50 | elit:False,cruce_ciclos,mutacion_inversion,0.05,50,False,202043.14190930472,7,0.016315789473684207
cruce_ciclos | mutacion_inversion | mut:0.05 | pob:50 | elit:False,cruce_ciclos,mutacion_inversion,0.05,50,False,198955.86611212388,8,0.08789473684210526
cruce_ciclos | mutacion_inversion | mut:0.05 | pob:50 | elit:False,cruce_ciclos,mutacion_inversion,0.05,50,False,203555.70766664238,9,0.017894736842105262
cruce_ciclos | mutacion_inversion | mut:0.05 | pob:50 | elit:False,cruce_ciclos,mutacion_inversion,0.05,50,False,195792.962660947,10,0.025
cruce_ciclos | mutacion_inversion | mut:0.05 | pob:50 | elit:False,cruce_ciclos,mutacion_inversion,0.05,50,False,212207.01157581637,11,0.009473684210526315
cruce_ciclos | mutacion_inversion | mut:0.05 | pob:50 | elit:False,cruce_ciclos,mutacion_inversion,0.05,50,False,216867.38077152724,12,0.008421052631578947
cruce_ciclos | mutacion_inversion | mut:0.05 | pob:50 | elit:False,cruce_ciclos,mutacion_inversion,0.05,50,False,197238.7990405629,13,0.08394736842105263
cruce_ciclos | mutacion_inversion | mut:0.05 | pob:50 | elit:False,cruce_ciclos,mutacion_inversion,0.05,50,False,203618.02446199406,14,0.011052631578947368
cruce_ciclos | mutacion_inversion | mut:0.05 | pob:50 | elit:False,cruce_ciclos,mutacion_inversion,0.05,50,False,198235.05659901543,15,0.012105263157894737
cruce_ciclos | mutacion_inversion | mut:0.05 | pob:50 | elit:False,cruce_ciclos,mutacion_inversion,0.05,50,False,212082.76637431548,16,0.003157894736842105
cruce_ciclos | mutacion_inversion | mut:0.05 | pob:50 | elit:False,cruce_ciclos,mutacion_inversion,0.05,50,False,200726.02094269896,17,0.017631578947368422
cruce_ciclos | mutacion_inversion | mut:0.05 | pob:50 | elit:False,cruce_ciclos,mutacion_inversion,0.05,50,False,202952.01508744713,18,0.024736842105263158
cruce_ciclos | mutacion_inversion | mut:0.05 | pob:50 | elit:False,cruce_ciclos,mutacion_inversion,0.05,50,False,202579.6569396411,19,0.030526315789473686
cruce_ciclos | mutacion_inversion | mut:0.05 | pob:50 | elit:False,cruce_ciclos,mutacion_inversion,0.05,50,False,218565.9796124279,20,0.014736842105263158
cruce_ciclos | mutacion_inversion | mut:0.05 | pob:50 | elit:False,cruce_ciclos,mutacion_inversion,0.05,50,False,214801.873594712,21,0.011052631578947368
cruce_ciclos | mutacion_inversion | mut:0.05 | pob:50 | elit:False,cruce_ciclos,mutacion_inversion,0.05,50,False,170817.3223329917,22,0.061052631578947365
cruce_ciclos | mutacion_inversion | mut:0.05 | pob:50 | elit:False,cruce_ciclos,mutacion_inversion,0.05,50,False,208801.7759598861,23,0.013157894736842105
cruce_ciclos | mutacion_inversion | mut:0.05 | pob:50 | elit:False,cruce_ciclos,mutacion_inversion,0.05,50,False,208332.7543120606,24,0.013157894736842106
cruce_ciclos | mutacion_inversion | mut:0.05 | pob:50 | elit:False,cruce_ciclos,mutacion_inversion,0.05,50,False,203610.30067897547,25,0.011052631578947368
cruce_ciclos | mutacion_inversion | mut:0.05 | pob:50 | elit:False,cruce_ciclos,mutacion_inversion,0.05,50,False,192991.6759722476,26,0.008421052631578947
cruce_ciclos | mutacion_inversion | mut:0.05 | pob:50 | elit:False,cruce_ciclos,mutacion_inversion,0.05,50,False,213100.10911167666,27,0.0036842105263157894
cruce_ciclos | mutacion_inversion | mut:0.05 | pob:50 | elit:False,cruce_ciclos,mutacion_inversion,0.05,50,False,194748.6645336751,28,0.020526315789473684
cruce_ciclos | mutacion_inversion | mut:0.05 | pob:50 | elit:False,cruce_ciclos,mutacion_inversion,0.05,50,False,203453.54611928595,29,0.010526315789473684
cruce_ciclos | mutacion_inversion | mut:0.05 | pob:100 | elit:False,cruce_ciclos,mutacion_inversion,0.05,100,False,188386.38079132003,0,0.016578947368421054
cruce_ciclos | mutacion_inversion | mut:0.05 | pob:100 | elit:False,cruce_ciclos,mutacion_inversion,0.05,100,False,212946.040382466,1,0.008421052631578947
cruce_ciclos | mutacion_inversion | mut:0.05 | pob:100 | elit:False,cruce_ciclos,mutacion_inversion,0.05,100,False,202522.5809187115,2,0.015263157894736841
cruce_ciclos | mutacion_inversion | mut:0.05 | pob:100 | elit:False,cruce_ciclos,mutacion_inversion,0.05,100,False,204246.85287170176,3,0.016315789473684207
cruce_ciclos | mutacion_inversion | mut:0.05 | pob:100 | elit:False,cruce_ciclos,mutacion_inversion,0.05,100,False,207076.40511939337,4,0.016842105263157894
cruce_ciclos | mutacion_inversion | mut:0.05 | pob:100 | elit:False,cruce_ciclos,mutacion_inversion,0.05,100,False,204376.40719283122,5,0.015789473684210527
cruce_ciclos | mutacion_inversion | mut:0.05 | pob:100 | elit:False,cruce_ciclos,mutacion_inversion,0.05,100,False,203763.34112208098,6,0.06921052631578947
cruce_ciclos | mutacion_inversion | mut:0.05 | pob:100 | elit:False,cruce_ciclos,mutacion_inversion,0.05,100,False,206889.51803089428,7,0.01
cruce_ciclos | mutacion_inversion | mut:0.05 | pob:100 | elit:False,cruce_ciclos,mutacion_inversion,0.05,100,False,207603.94961819946,8,0.015789473684210527
cruce_ciclos | mutacion_inversion | mut:0.05 | pob:100 | elit:False,cruce_ciclos,mutacion_inversion,0.05,100,False,208873.02338765952,9,0.02
cruce_ciclos | mutacion_inversion | mut:0.05 | pob:100 | elit:False,cruce_ciclos,mutacion_inversion,0.05,100,False,186539.08788339503,10,0.07157894736842105
cruce_ciclos | mutacion_inversion | mut:0.05 | pob:100 | elit:False,cruce_ciclos,mutacion_inversion,0.05,100,False,155948.81318184847,11,0.07921052631578947
cruce_ciclos | mutacion_inversion | mut:0.05 | pob:100 | elit:False,cruce_ciclos,mutacion_inversion,0.05,100,False,204144.17349815796,12,0.009736842105263157
cruce_ciclos | mutacion_inversion | mut:0.05 | pob:100 | elit:False,cruce_ciclos,mutacion_inversion,0.05,100,False,204652.6716566658,13,0.008421052631578947
cruce_ciclos | mutacion_inversion | mut:0.05 | pob:100 | elit:False,cruce_ciclos,mutacion_inversion,0.05,100,False,207481.79769136308,14,0.011052631578947368
cruce_ciclos | mutacion_inversion | mut:0.05 | pob:100 | elit:False,cruce_ciclos,mutacion_inversion,0.05,100,False,187040.76957300646,15,0.042894736842105256
cruce_ciclos | mutacion_inversion | mut:0.05 | pob:100 | elit:False,cruce_ciclos,mutacion_inversion,0.05,100,False,207410.26715951317,16,0.002631578947368421
cruce_ciclos | mutacion_inversion | mut:0.05 | pob:100 | elit:False,cruce_ciclos,mutacion_inversion,0.05,100,False,214633.5095911809,17,0.003157894736842105
cruce_ciclos | mutacion_inversion | mut:0.05 | pob:100 | elit:False,cruce_ciclos,mutacion_inversion,0.05,100,False,205122.5749941996,18,0.16
cruce_ciclos | mutacion_inversion | mut:0.05 | pob:100 | elit:False,cruce_ciclos,mutacion_inversion,0.05,100,False,170421.71731906422,19,0.11473684210526315
cruce_ciclos | mutacion_inversion | mut:0.05 | pob:100 | elit:False,cruce_ciclos,mutacion_inversion,0.05,100,False,212767.08727598286,20,0.022105263157894735
cruce_ciclos | mutacion_inversion | mut:0.05 | pob:100 | elit:False,cruce_ciclos,mutacion_inversion,0.05,100,False,187826.54196601597,21,0.025789473684210525
cruce_ciclos | mutacion_inversion | mut:0.05 | pob:100 | elit:False,cruce_ciclos,mutacion_inversion,0.05,100,False,201453.19242494876,22,0.017894736842105262
cruce_ciclos | mutacion_inversion | mut:0.05 | pob:100 | elit:False,cruce_ciclos,mutacion_inversion,0.05,100,False,208178.54261457882,23,0.013157894736842106
cruce_ciclos | mutacion_inversion | mut:0.05 | pob:100 | elit:False,cruce_ciclos,mutacion_inversion,0.05,100,False,206490.96659626986,24,0.027631578947368424
cruce_ciclos | mutacion_inversion | mut:0.05 | pob:100 | elit:False,cruce_ciclos,mutacion_inversion,0.05,100,False,224752.2786029359,25,0.0036842105263157894
cruce_ciclos | mutacion_inversion | mut:0.05 | pob:100 | elit:False,cruce_ciclos,mutacion_inversion,0.05,100,False,221712.01780616117,26,0.007368421052631579
cruce_ciclos | mutacion_inversion | mut:0.05 | pob:100 | elit:False,cruce_ciclos,mutacion_inversion,0.05,100,False,197522.3534995458,27,0.013157894736842106
cruce_ciclos | mutacion_inversion | mut:0.05 | pob:100 | elit:False,cruce_ciclos,mutacion_inversion,0.05,100,False,196248.72812664608,28,0.016842105263157894
cruce_ciclos | mutacion_inversion | mut:0.05 | pob:100 | elit:False,cruce_ciclos,mutacion_inversion,0.05,100,False,197691.92909563577,29,0.02
cruce_ciclos | mutacion_inversion | mut:0.05 | pob:200 | elit:False,cruce_ciclos,mutacion_inversion,0.05,200,False,203050.7613707316,0,0.0036842105263157894
cruce_ciclos | mutacion_inversion | mut:0.05 | pob:200 | elit:False,cruce_ciclos,mutacion_inversion,0.05,200,False,181237.3278764862,1,0.08552631578947369
cruce_ciclos | mutacion_inversion | mut:0.05 | pob:200 | elit:False,cruce_ciclos,mutacion_inversion,0.05,200,False,206323.002301875,2,0.01
cruce_ciclos | mutacion_inversion | mut:0.05 | pob:200 | elit:False,cruce_ciclos,mutacion_inversion,0.05,200,False,201463.18104643424,3,0.010526315789473684
cruce_ciclos | mutacion_inversion | mut:0.05 | pob:200 | elit:False,cruce_ciclos,mutacion_inversion,0.05,200,False,210325.23728879722,4,0.011578947368421053
cruce_ciclos | mutacion_inversion | mut:0.05 | pob:200 | elit:False,cruce_ciclos,mutacion_inversion,0.05,200,False,160719.3072713042,5,0.14763157894736842
cruce_ciclos | mutacion_inversion | mut:0.05 | pob:200 | elit:False,cruce_ciclos,mutacion_inversion,0.05,200,False,199819.2955759713,6,0.008421052631578947
cruce_ciclos | mutacion_inversion | mut:0.05 | pob:200 | elit:False,cruce_ciclos,mutacion_inversion,0.05,200,False,210659.9614827999,7,0.01
cruce_ciclos | mutacion_inversion | mut:0.05 | pob:200 | elit:False,cruce_ciclos,mutacion_inversion,0.05,200,False,194750.5105311539,8,0.0581578947368421
cruce_ciclos | mutacion_inversion | mut:0.05 | pob:200 | elit:False,cruce_ciclos,mutacion_inversion,0.05,200,False,199941.23146156766,9,0.029473684210526315
cruce_ciclos | mutacion_inversion | mut:0.05 | pob:200 | elit:False,cruce_ciclos,mutacion_inversion,0.05,200,False,206774.98187413288,10,0.009473684210526316
cruce_ciclos | mutacion_inversion | mut:0.05 | pob:200 | elit:False,cruce_ciclos,mutacion_inversion,0.05,200,False,199257.5094738138,11,0.022105263157894735
cruce_ciclos | mutacion_inversion | mut:0.05 | pob:200 | elit:False,cruce_ciclos,mutacion_inversion,0.05,200,False,200920.68397492674,12,0.01263157894736842
cruce_ciclos | mutacion_inversion | mut:0.05 | pob:200 | elit:False,cruce_ciclos,mutacion_inversion,0.05,200,False,205078.9263544385,13,0.014736842105263158
cruce_ciclos | mutacion_inversion | mut:0.05 | pob:200 | elit:False,cruce_ciclos,mutacion_inversion,0.05,200,False,189364.2515922831,14,0.02157894736842105
cruce_ciclos | mutacion_inversion | mut:0.05 | pob:200 | elit:False,cruce_ciclos,mutacion_inversion,0.05,200,False,203953.63560354593,15,0.01263157894736842
cruce_ciclos | mutacion_inversion | mut:0.05 | pob:200 | elit:False,cruce_ciclos,mutacion_inversion,0.05,200,False,208017.373547239,16,0.011052631578947368
cruce_ciclos | mutacion_inversion | mut:0.05 | pob:200 | elit:False,cruce_ciclos,mutacion_inversion,0.05,200,False,176050.51793577528,17,0.07105263157894737
cruce_ciclos | mutacion_inversion | mut:0.05 | pob:200 | elit:False,cruce_ciclos,mutacion_inversion,0.05,200,False,187440.43125005305,18,0.0431578947368421
cruce_ciclos | mutacion_inversion | mut:0.05 | pob:200 | elit:False,cruce_ciclos,mutacion_inversion,0.05,200,False,181279.29946321266,19,0.0731578947368421
cruce_ciclos | mutacion_inversion | mut:0.05 | pob:200 | elit:False,cruce_ciclos,mutacion_inversion,0.05,200,False,200807.42397462882,20,0.07131578947368421
cruce_ciclos | mutacion_inversion | mut:0.05 | pob:200 | elit:False,cruce_ciclos,mutacion_inversion,0.05,200,False,209281.2782560576,21,0.008947368421052631
cruce_ciclos | mutacion_inversion | mut:0.05 | pob:200 | elit:False,cruce_ciclos,mutacion_inversion,0.05,200,False,207299.45608495592,22,0.0036842105263157894
cruce_ciclos | mutacion_inversion | mut:0.05 | pob:200 | elit:False,cruce_ciclos,mutacion_inversion,0.05,200,False,184564.74397930273,23,0.028947368421052628
cruce_ciclos | mutacion_inversion | mut:0.05 | pob:200 | elit:False,cruce_ciclos,mutacion_inversion,0.05,200,False,198522.03802253417,24,0.012105263157894737
cruce_ciclos | mutacion_inversion | mut:0.05 | pob:200 | elit:False,cruce_ciclos,mutacion_inversion,0.05,200,False,198102.29330033337,25,0.016842105263157894
cruce_ciclos | mutacion_inversion | mut:0.05 | pob:200 | elit:False,cruce_ciclos,mutacion_inversion,0.05,200,False,199348.20096257023,26,0.015789473684210523
cruce_ciclos | mutacion_inversion | mut:0.05 | pob:200 | elit:False,cruce_ciclos,mutacion_inversion,0.05,200,False,187386.56585568402,27,0.07342105263157894
cruce_ciclos | mutacion_inversion | mut:0.05 | pob:200 | elit:False,cruce_ciclos,mutacion_inversion,0.05,200,False,179403.6954825757,28,0.053157894736842105
cruce_ciclos | mutacion_inversion | mut:0.05 | pob:200 | elit:False,cruce_ciclos,mutacion_inversion,0.05,200,False,205790.27983014338,29,0.007368421052631579
cruce_ciclos | mutacion_inversion | mut:0.1 | pob:50 | elit:False,cruce_ciclos,mutacion_inversion,0.1,50,False,203371.15302536168,0,0.024736842105263158
cruce_ciclos | mutacion_inversion | mut:0.1 | pob:50 | elit:False,cruce_ciclos,mutacion_inversion,0.1,50,False,218837.76055824058,1,0.003157894736842105
cruce_ciclos | mutacion_inversion | mut:0.1 | pob:50 | elit:False,cruce_ciclos,mutacion_inversion,0.1,50,False,212563.1800930872,2,0.03289473684210526
cruce_ciclos | mutacion_inversion | mut:0.1 | pob:50 | elit:False,cruce_ciclos,mutacion_inversion,0.1,50,False,204642.62883341408,3,0.021052631578947368
cruce_ciclos | mutacion_inversion | mut:0.1 | pob:50 | elit:False,cruce_ciclos,mutacion_inversion,0.1,50,False,213107.93699879764,4,0.08105263157894736
cruce_ciclos | mutacion_inversion | mut:0.1 | pob:50 | elit:False,cruce_ciclos,mutacion_inversion,0.1,50,False,179489.95225106247,5,0.06210526315789473
cruce_ciclos | mutacion_inversion | mut:0.1 | pob:50 | elit:False,cruce_ciclos,mutacion_inversion,0.1,50,False,209038.56962031452,6,0.007368421052631579
cruce_ciclos | mutacion_inversion | mut:0.1 | pob:50 | elit:False,cruce_ciclos,mutacion_inversion,0.1,50,False,209911.36740718444,7,0.023157894736842103
cruce_ciclos | mutacion_inversion | mut:0.1 | pob:50 | elit:False,cruce_ciclos,mutacion_inversion,0.1,50,False,206505.69482616388,8,0.075
cruce_ciclos | mutacion_inversion | mut:0.1 | pob:50 | elit:False,cruce_ciclos,mutacion_inversion,0.1,50,False,200488.8926074922,9,0.01631578947368421
cruce_ciclos | mutacion_inversion | mut:0.1 | pob:50 | elit:False,cruce_ciclos,mutacion_inversion,0.1,50,False,192138.22727460242,10,0.07947368421052632
cruce_ciclos | mutacion_inversion | mut:0.1 | pob:50 | elit:False,cruce_ciclos,mutacion_inversion,0.1,50,False,191203.01774617625,11,0.12578947368421053
cruce_ciclos | mutacion_inversion | mut:0.1 | pob:50 | elit:False,cruce_ciclos,mutacion_inversion,0.1,50,False,196856.94743673806,12,0.019736842105263157
cruce_ciclos | mutacion_inversion | mut:0.1 | pob:50 | elit:False,cruce_ciclos,mutacion_inversion,0.1,50,False,181371.054663089,13,0.2805263157894737
cruce_ciclos | mutacion_inversion | mut:0.1 | pob:50 | elit:False,cruce_ciclos,mutacion_inversion,0.1,50,False,207955.66893956487,14,0.027368421052631577
cruce_ciclos | mutacion_inversion | mut:0.1 | pob:50 | elit:False,cruce_ciclos,mutacion_inversion,0.1,50,False,179173.93866648356,15,0.1328947368421053
cruce_ciclos | mutacion_inversion | mut:0.1 | pob:50 | elit:False,cruce_ciclos,mutacion_inversion,0.1,50,False,197690.72998289502,16,0.031578947368421054
cruce_ciclos | mutacion_inversion | mut:0.1 | pob:50 | elit:False,cruce_ciclos,mutacion_inversion,0.1,50,False,216266.05855039225,17,0.013157894736842106
cruce_ciclos | mutacion_inversion | mut:0.1 | pob:50 | elit:False,cruce_ciclos,mutacion_inversion,0.1,50,False,205487.8502328783,18,0.023684210526315787
cruce_ciclos | mutacion_inversion | mut:0.1 | pob:50 | elit:False,cruce_ciclos,mutacion_inversion,0.1,50,False,188351.97924256002,19,0.012105263157894737
cruce_ciclos | mutacion_inversion | mut:0.1 | pob:50 | elit:False,cruce_ciclos,mutacion_inversion,0.1,50,False,197903.31893798977,20,0.027368421052631577
cruce_ciclos | mutacion_inversion | mut:0.1 | pob:50 | elit:False,cruce_ciclos,mutacion_inversion,0.1,50,False,218525.50793339178,21,0.01894736842105263
cruce_ciclos | mutacion_inversion | mut:0.1 | pob:50 | elit:False,cruce_ciclos,mutacion_inversion,0.1,50,False,203407.2708810868,22,0.015789473684210527
cruce_ciclos | mutacion_inversion | mut:0.1 | pob:50 | elit:False,cruce_ciclos,mutacion_inversion,0.1,50,False,170654.01593337735,23,0.15657894736842107
cruce_ciclos | mutacion_inversion | mut:0.1 | pob:50 | elit:False,cruce_ciclos,mutacion_inversion,0.1,50,False,208530.40135949678,24,0.016842105263157894
cruce_ciclos | mutacion_inversion | mut:0.1 | pob:50 | elit:False,cruce_ciclos,mutacion_inversion,0.1,50,False,207125.77517129906,25,0.03
cruce_ciclos | mutacion_inversion | mut:0.1 | pob:50 | elit:False,cruce_ciclos,mutacion_inversion,0.1,50,False,205991.8698464267,26,0.011578947368421053
cruce_ciclos | mutacion_inversion | mut:0.1 | pob:50 | elit:False,cruce_ciclos,mutacion_inversion,0.1,50,False,210262.90878619623,27,0.015263157894736841
cruce_ciclos | mutacion_inversion | mut:0.1 | pob:50 | elit:False,cruce_ciclos,mutacion_inversion,0.1,50,False,203559.92432777848,28,0.005263157894736842
cruce_ciclos | mutacion_inversion | mut:0.1 | pob:50 | elit:False,cruce_ciclos,mutacion_inversion,0.1,50,False,207511.68548697018,29,0.02789473684210526
cruce_ciclos | mutacion_inversion | mut:0.1 | pob:100 | elit:False,cruce_ciclos,mutacion_inversion,0.1,100,False,202755.0392615041,0,0.01894736842105263
cruce_ciclos | mutacion_inversion | mut:0.1 | pob:100 | elit:False,cruce_ciclos,mutacion_inversion,0.1,100,False,187750.17335417314,1,0.10605263157894736
cruce_ciclos | mutacion_inversion | mut:0.1 | pob:100 | elit:False,cruce_ciclos,mutacion_inversion,0.1,100,False,202760.09454287973,2,0.02236842105263158
cruce_ciclos | mutacion_inversion | mut:0.1 | pob:100 | elit:False,cruce_ciclos,mutacion_inversion,0.1,100,False,205897.92048609036,3,0.013684210526315788
cruce_ciclos | mutacion_inversion | mut:0.1 | pob:100 | elit:False,cruce_ciclos,mutacion_inversion,0.1,100,False,202798.02924335777,4,0.018947368421052633
cruce_ciclos | mutacion_inversion | mut:0.1 | pob:100 | elit:False,cruce_ciclos,mutacion_inversion,0.1,100,False,209005.61505549942,5,0.013157894736842106
cruce_ciclos | mutacion_inversion | mut:0.1 | pob:100 | elit:False,cruce_ciclos,mutacion_inversion,0.1,100,False,203580.06589793158,6,0.009473684210526315
cruce_ciclos | mutacion_inversion | mut:0.1 | pob:100 | elit:False,cruce_ciclos,mutacion_inversion,0.1,100,False,200537.0192079527,7,0.03
cruce_ciclos | mutacion_inversion | mut:0.1 | pob:100 | elit:False,cruce_ciclos,mutacion_inversion,0.1,100,False,203194.46522041786,8,0.10342105263157896
cruce_ciclos | mutacion_inversion | mut:0.1 | pob:100 | elit:False,cruce_ciclos,mutacion_inversion,0.1,100,False,203152.4930224568,9,0.007894736842105263
cruce_ciclos | mutacion_inversion | mut:0.1 | pob:100 | elit:False,cruce_ciclos,mutacion_inversion,0.1,100,False,204874.86392471235,10,0.028947368421052628
cruce_ciclos | mutacion_inversion | mut:0.1 | pob:100 | elit:False,cruce_ciclos,mutacion_inversion,0.1,100,False,201718.3327624243,11,0.04289473684210526
cruce_ciclos | mutacion_inversion | mut:0.1 | pob:100 | elit:False,cruce_ciclos,mutacion_inversion,0.1,100,False,204512.91943669054,12,0.03394736842105263
cruce_ciclos | mutacion_inversion | mut:0.1 | pob:100 | elit:False,cruce_ciclos,mutacion_inversion,0.1,100,False,202796.9389494891,13,0.02526315789473684
cruce_ciclos | mutacion_inversion | mut:0.1 | pob:100 | elit:False,cruce_ciclos,mutacion_inversion,0.1,100,False,190464.81163414707,14,0.02
cruce_ciclos | mutacion_inversion | mut:0.1 | pob:100 | elit:False,cruce_ciclos,mutacion_inversion,0.1,100,False,190939.5132689913,15,0.08368421052631579
cruce_ciclos | mutacion_inversion | mut:0.1 | pob:100 | elit:False,cruce_ciclos,mutacion_inversion,0.1,100,False,206733.6423028951,16,0.026578947368421053
cruce_ciclos | mutacion_inversion | mut:0.1 | pob:100 | elit:False,cruce_ciclos,mutacion_inversion,0.1,100,False,199495.56850797246,17,0.014473684210526316
cruce_ciclos | mutacion_inversion | mut:0.1 | pob:100 | elit:False,cruce_ciclos,mutacion_inversion,0.1,100,False,183054.28877600242,18,0.06789473684210526
cruce_ciclos | mutacion_inversion | mut:0.1 | pob:100 | elit:False,cruce_ciclos,mutacion_inversion,0.1,100,False,199674.73079960427,19,0.05947368421052632
cruce_ciclos | mutacion_inversion | mut:0.1 | pob:100 | elit:False,cruce_ciclos,mutacion_inversion,0.1,100,False,144284.16535092538,20,0.12368421052631579
cruce_ciclos | mutacion_inversion | mut:0.1 | pob:100 | elit:False,cruce_ciclos,mutacion_inversion,0.1,100,False,156134.07083515305,21,0.1244736842105263
cruce_ciclos | mutacion_inversion | mut:0.1 | pob:100 | elit:False,cruce_ciclos,mutacion_inversion,0.1,100,False,210370.27228051715,22,0.04578947368421052
cruce_ciclos | mutacion_inversion | mut:0.1 | pob:100 | elit:False,cruce_ciclos,mutacion_inversion,0.1,100,False,200227.4995299247,23,0.02763157894736842
cruce_ciclos | mutacion_inversion | mut:0.1 | pob:100 | elit:False,cruce_ciclos,mutacion_inversion,0.1,100,False,215274.1307506457,24,0.015789473684210527
cruce_ciclos | mutacion_inversion | mut:0.1 | pob:100 | elit:False,cruce_ciclos,mutacion_inversion,0.1,100,False,195901.8391195329,25,0.07052631578947369
cruce_ciclos | mutacion_inversion | mut:0.1 | pob:100 | elit:False,cruce_ciclos,mutacion_inversion,0.1,100,False,164637.50996403306,26,0.08052631578947368
cruce_ciclos | mutacion_inversion | mut:0.1 | pob:100 | elit:False,cruce_ciclos,mutacion_inversion,0.1,100,False,204227.43229304222,27,0.021052631578947368
cruce_ciclos | mutacion_inversion | mut:0.1 | pob:100 | elit:False,cruce_ciclos,mutacion_inversion,0.1,100,False,199393.11083738884,28,0.06315789473684211
cruce_ciclos | mutacion_inversion | mut:0.1 | pob:100 | elit:False,cruce_ciclos,mutacion_inversion,0.1,100,False,203640.60572732554,29,0.017894736842105262
cruce_ciclos | mutacion_inversion | mut:0.1 | pob:200 | elit:False,cruce_ciclos,mutacion_inversion,0.1,200,False,206904.56218872423,0,0.023157894736842106
cruce_ciclos | mutacion_inversion | mut:0.1 | pob:200 | elit:False,cruce_ciclos,mutacion_inversion,0.1,200,False,205408.55515833327,1,0.056842105263157895
cruce_ciclos | mutacion_inversion | mut:0.1 | pob:200 | elit:False,cruce_ciclos,mutacion_inversion,0.1,200,False,202751.40856712052,2,0.04526315789473684
cruce_ciclos | mutacion_inversion | mut:0.1 | pob:200 | elit:False,cruce_ciclos,mutacion_inversion,0.1,200,False,208139.499586664,3,0.024736842105263158
cruce_ciclos | mutacion_inversion | mut:0.1 | pob:200 | elit:False,cruce_ciclos,mutacion_inversion,0.1,200,False,187793.03103635006,4,0.019210526315789473
cruce_ciclos | mutacion_inversion | mut:0.1 | pob:200 | elit:False,cruce_ciclos,mutacion_inversion,0.1,200,False,203174.75385521265,5,0.017631578947368422
cruce_ciclos | mutacion_inversion | mut:0.1 | pob:200 | elit:False,cruce_ciclos,mutacion_inversion,0.1,200,False,184389.74486393936,6,0.07631578947368421
cruce_ciclos | mutacion_inversion | mut:0.1 | pob:200 | elit:False,cruce_ciclos,mutacion_inversion,0.1,200,False,153881.56662508732,7,0.04368421052631579
cruce_ciclos | mutacion_inversion | mut:0.1 | pob:200 | elit:False,cruce_ciclos,mutacion_inversion,0.1,200,False,199372.2997347328,8,0.017894736842105262
cruce_ciclos | mutacion_inversion | mut:0.1 | pob:200 | elit:False,cruce_ciclos,mutacion_inversion,0.1,200,False,158544.25021419802,9,0.13842105263157894
cruce_ciclos | mutacion_inversion | mut:0.1 | pob:200 | elit:False,cruce_ciclos,mutacion_inversion,0.1,200,False,144610.52811808093,10,0.07657894736842104
cruce_ciclos | mutacion_inversion | mut:0.1 | pob:200 | elit:False,cruce_ciclos,mutacion_inversion,0.1,200,False,198982.5249512516,11,0.036315789473684204
cruce_ciclos | mutacion_inversion | mut:0.1 | pob:200 | elit:False,cruce_ciclos,mutacion_inversion,0.1,200,False,204185.00394236163,12,0.015263157894736841
cruce_ciclos | mutacion_inversion | mut:0.1 | pob:200 | elit:False,cruce_ciclos,mutacion_inversion,0.1,200,False,206752.50406803502,13,0.023947368421052627
cruce_ciclos | mutacion_inversion | mut:0.1 | pob:200 | elit:False,cruce_ciclos,mutacion_inversion,0.1,200,False,207363.1511886528,14,0.021842105263157895
cruce_ciclos | mutacion_inversion | mut:0.1 | pob:200 | elit:False,cruce_ciclos,mutacion_inversion,0.1,200,False,202793.28312781447,15,0.028684210526315788
cruce_ciclos | mutacion_inversion | mut:0.1 | pob:200 | elit:False,cruce_ciclos,mutacion_inversion,0.1,200,False,201628.2694883525,16,0.015526315789473683
cruce_ciclos | mutacion_inversion | mut:0.1 | pob:200 | elit:False,cruce_ciclos,mutacion_inversion,0.1,200,False,202022.35352847475,17,0.014210526315789474
cruce_ciclos | mutacion_inversion | mut:0.1 | pob:200 | elit:False,cruce_ciclos,mutacion_inversion,0.1,200,False,204073.7861372605,18,0.032105263157894734
cruce_ciclos | mutacion_inversion | mut:0.1 | pob:200 | elit:False,cruce_ciclos,mutacion_inversion,0.1,200,False,198574.65016990603,19,0.028421052631578948
cruce_ciclos | mutacion_inversion | mut:0.1 | pob:200 | elit:False,cruce_ciclos,mutacion_inversion,0.1,200,False,185843.45805178312,20,0.024736842105263158
cruce_ciclos | mutacion_inversion | mut:0.1 | pob:200 | elit:False,cruce_ciclos,mutacion_inversion,0.1,200,False,199316.23233977988,21,0.023421052631578947
cruce_ciclos | mutacion_inversion | mut:0.1 | pob:200 | elit:False,cruce_ciclos,mutacion_inversion,0.1,200,False,203224.17697551136,22,0.01868421052631579
cruce_ciclos | mutacion_inversion | mut:0.1 | pob:200 | elit:False,cruce_ciclos,mutacion_inversion,0.1,200,False,189258.57871427864,23,0.041842105263157896
cruce_ciclos | mutacion_inversion | mut:0.1 | pob:200 | elit:False,cruce_ciclos,mutacion_inversion,0.1,200,False,182020.30368887985,24,0.04973684210526316
cruce_ciclos | mutacion_inversion | mut:0.1 | pob:200 | elit:False,cruce_ciclos,mutacion_inversion,0.1,200,False,207195.438554989,25,0.02052631578947368
cruce_ciclos | mutacion_inversion | mut:0.1 | pob:200 | elit:False,cruce_ciclos,mutacion_inversion,0.1,200,False,205864.0094274893,26,0.025789473684210522
cruce_ciclos | mutacion_inversion | mut:0.1 | pob:200 | elit:False,cruce_ciclos,mutacion_inversion,0.1,200,False,185724.60364155713,27,0.020789473684210528
cruce_ciclos | mutacion_inversion | mut:0.1 | pob:200 | elit:False,cruce_ciclos,mutacion_inversion,0.1,200,False,171479.9547714723,28,0.049473684210526316
cruce_ciclos | mutacion_inversion | mut:0.1 | pob:200 | elit:False,cruce_ciclos,mutacion_inversion,0.1,200,False,203377.68397944418,29,0.022368421052631576
cruce_ciclos | mutacion_inversion | mut:0.2 | pob:50 | elit:False,cruce_ciclos,mutacion_inversion,0.2,50,False,199178.20574571536,0,0.13210526315789473
cruce_ciclos | mutacion_inversion | mut:0.2 | pob:50 | elit:False,cruce_ciclos,mutacion_inversion,0.2,50,False,180629.05376574004,1,0.3592105263157894
cruce_ciclos | mutacion_inversion | mut:0.2 | pob:50 | elit:False,cruce_ciclos,mutacion_inversion,0.2,50,False,206679.41947559163,2,0.025789473684210522
cruce_ciclos | mutacion_inversion | mut:0.2 | pob:50 | elit:False,cruce_ciclos,mutacion_inversion,0.2,50,False,192123.55348534786,3,0.05894736842105264
cruce_ciclos | mutacion_inversion | mut:0.2 | pob:50 | elit:False,cruce_ciclos,mutacion_inversion,0.2,50,False,202271.50145784963,4,0.01894736842105263
cruce_ciclos | mutacion_inversion | mut:0.2 | pob:50 | elit:False,cruce_ciclos,mutacion_inversion,0.2,50,False,198498.0129047996,5,0.052368421052631585
cruce_ciclos | mutacion_inversion | mut:0.2 | pob:50 | elit:False,cruce_ciclos,mutacion_inversion,0.2,50,False,204426.0999483354,6,0.02631578947368421
cruce_ciclos | mutacion_inversion | mut:0.2 | pob:50 | elit:False,cruce_ciclos,mutacion_inversion,0.2,50,False,206983.11118220296,7,0.047368421052631574
cruce_ciclos | mutacion_inversion | mut:0.2 | pob:50 | elit:False,cruce_ciclos,mutacion_inversion,0.2,50,False,198359.45925728205,8,0.16184210526315787
cruce_ciclos | mutacion_inversion | mut:0.2 | pob:50 | elit:False,cruce_ciclos,mutacion_inversion,0.2,50,False,198883.14876064414,9,0.030526315789473683
cruce_ciclos | mutacion_inversion | mut:0.2 | pob:50 | elit:False,cruce_ciclos,mutacion_inversion,0.2,50,False,202787.75265732073,10,0.12368421052631579
cruce_ciclos | mutacion_inversion | mut:0.2 | pob:50 | elit:False,cruce_ciclos,mutacion_inversion,0.2,50,False,183554.72648600079,11,0.2736842105263158
cruce_ciclos | mutacion_inversion | mut:0.2 | pob:50 | elit:False,cruce_ciclos,mutacion_inversion,0.2,50,False,203248.6572041519,12,0.05789473684210526
cruce_ciclos | mutacion_inversion | mut:0.2 | pob:50 | elit:False,cruce_ciclos,mutacion_inversion,0.2,50,False,202601.14403679056,13,0.035263157894736843
cruce_ciclos | mutacion_inversion | mut:0.2 | pob:50 | elit:False,cruce_ciclos,mutacion_inversion,0.2,50,False,202221.61062402054,14,0.05131578947368421
cruce_ciclos | mutacion_inversion | mut:0.2 | pob:50 | elit:False,cruce_ciclos,mutacion_inversion,0.2,50,False,206081.63440124138,15,0.035789473684210524
cruce_ciclos | mutacion_inversion | mut:0.2 | pob:50 | elit:False,cruce_ciclos,mutacion_inversion,0.2,50,False,207910.5843721692,16,0.032368421052631574
cruce_ciclos | mutacion_inversion | mut:0.2 | pob:50 | elit:False,cruce_ciclos,mutacion_inversion,0.2,50,False,186279.95264326115,17,0.12052631578947368
cruce_ciclos | mutacion_inversion | mut:0.2 | pob:50 | elit:False,cruce_ciclos,mutacion_inversion,0.2,50,False,200354.82021812088,18,0.1894736842105263
cruce_ciclos | mutacion_inversion | mut:0.2 | pob:50 | elit:False,cruce_ciclos,mutacion_inversion,0.2,50,False,178304.31654787777,19,0.17315789473684212
cruce_ciclos | mutacion_inversion | mut:0.2 | pob:50 | elit:False,cruce_ciclos,mutacion_inversion,0.2,50,False,202926.8637965648,20,0.045
cruce_ciclos | mutacion_inversion | mut:0.2 | pob:50 | elit:False,cruce_ciclos,mutacion_inversion,0.2,50,False,207398.0298696928,21,0.14157894736842105
cruce_ciclos | mutacion_inversion | mut:0.2 | pob:50 | elit:False,cruce_ciclos,mutacion_inversion,0.2,50,False,199805.81700367853,22,0.2455263157894737
cruce_ciclos | mutacion_inversion | mut:0.2 | pob:50 | elit:False,cruce_ciclos,mutacion_inversion,0.2,50,False,202900.1952118868,23,0.06815789473684211
cruce_ciclos | mutacion_inversion | mut:0.2 | pob:50 | elit:False,cruce_ciclos,mutacion_inversion,0.2,50,False,200835.86596806275,24,0.03631578947368421
cruce_ciclos | mutacion_inversion | mut:0.2 | pob:50 | elit:False,cruce_ciclos,mutacion_inversion,0.2,50,False,191408.5283345428,25,0.17263157894736839
cruce_ciclos | mutacion_inversion | mut:0.2 | pob:50 | elit:False,cruce_ciclos,mutacion_inversion,0.2,50,False,165735.45170747276,26,0.2555263157894737
cruce_ciclos | mutacion_inversion | mut:0.2 | pob:50 | elit:False,cruce_ciclos,mutacion_inversion,0.2,50,False,203370.66327592815,27,0.0763157894736842
cruce_ciclos | mutacion_inversion | mut:0.2 | pob:50 | elit:False,cruce_ciclos,mutacion_inversion,0.2,50,False,208691.49762759046,28,0.04394736842105262
cruce_ciclos | mutacion_inversion | mut:0.2 | pob:50 | elit:False,cruce_ciclos,mutacion_inversion,0.2,50,False,208854.02483143067,29,0.023947368421052627
cruce_ciclos | mutacion_inversion | mut:0.2 | pob:100 | elit:False,cruce_ciclos,mutacion_inversion,0.2,100,False,195733.54037093587,0,0.07947368421052631
cruce_ciclos | mutacion_inversion | mut:0.2 | pob:100 | elit:False,cruce_ciclos,mutacion_inversion,0.2,100,False,176525.01083814993,1,0.13157894736842105
cruce_ciclos | mutacion_inversion | mut:0.2 | pob:100 | elit:False,cruce_ciclos,mutacion_inversion,0.2,100,False,193007.08248799088,2,0.19815789473684212
cruce_ciclos | mutacion_inversion | mut:0.2 | pob:100 | elit:False,cruce_ciclos,mutacion_inversion,0.2,100,False,173848.94353081734,3,0.07131578947368421
cruce_ciclos | mutacion_inversion | mut:0.2 | pob:100 | elit:False,cruce_ciclos,mutacion_inversion,0.2,100,False,176267.80449964944,4,0.0818421052631579
cruce_ciclos | mutacion_inversion | mut:0.2 | pob:100 | elit:False,cruce_ciclos,mutacion_inversion,0.2,100,False,199827.2519948894,5,0.09684210526315788
cruce_ciclos | mutacion_inversion | mut:0.2 | pob:100 | elit:False,cruce_ciclos,mutacion_inversion,0.2,100,False,174969.5571921871,6,0.1318421052631579
cruce_ciclos | mutacion_inversion | mut:0.2 | pob:100 | elit:False,cruce_ciclos,mutacion_inversion,0.2,100,False,184764.82344180008,7,0.16947368421052633
cruce_ciclos | mutacion_inversion | mut:0.2 | pob:100 | elit:False,cruce_ciclos,mutacion_inversion,0.2,100,False,204961.25192075022,8,0.038421052631578946
cruce_ciclos | mutacion_inversion | mut:0.2 | pob:100 | elit:False,cruce_ciclos,mutacion_inversion,0.2,100,False,177277.19762562073,9,0.23552631578947367
cruce_ciclos | mutacion_inversion | mut:0.2 | pob:100 | elit:False,cruce_ciclos,mutacion_inversion,0.2,100,False,155490.43504728613,10,0.2094736842105263
cruce_ciclos | mutacion_inversion | mut:0.2 | pob:100 | elit:False,cruce_ciclos,mutacion_inversion,0.2,100,False,161998.62371864074,11,0.06184210526315789
cruce_ciclos | mutacion_inversion | mut:0.2 | pob:100 | elit:False,cruce_ciclos,mutacion_inversion,0.2,100,False,204383.4878082348,12,0.039210526315789467
cruce_ciclos | mutacion_inversion | mut:0.2 | pob:100 | elit:False,cruce_ciclos,mutacion_inversion,0.2,100,False,206777.26332547874,13,0.07657894736842105
cruce_ciclos | mutacion_inversion | mut:0.2 | pob:100 | elit:False,cruce_ciclos,mutacion_inversion,0.2,100,False,188426.80562737788,14,0.18631578947368424
cruce_ciclos | mutacion_inversion | mut:0.2 | pob:100 | elit:False,cruce_ciclos,mutacion_inversion,0.2,100,False,186117.61314825472,15,0.06921052631578947
cruce_ciclos | mutacion_inversion | mut:0.2 | pob:100 | elit:False,cruce_ciclos,mutacion_inversion,0.2,100,False,202489.1470426157,16,0.08473684210526315
cruce_ciclos | mutacion_inversion | mut:0.2 | pob:100 | elit:False,cruce_ciclos,mutacion_inversion,0.2,100,False,163215.32986998843,17,0.08973684210526316
cruce_ciclos | mutacion_inversion | mut:0.2 | pob:100 | elit:False,cruce_ciclos,mutacion_inversion,0.2,100,False,172196.96881433457,18,0.09605263157894736
cruce_ciclos | mutacion_inversion | mut:0.2 | pob:100 | elit:False,cruce_ciclos,mutacion_inversion,0.2,100,False,200856.44948400513,19,0.08105263157894736
cruce_ciclos | mutacion_inversion | mut:0.2 | pob:100 | elit:False,cruce_ciclos,mutacion_inversion,0.2,100,False,206664.31817058494,20,0.038157894736842106
cruce_ciclos | mutacion_inversion | mut:0.2 | pob:100 | elit:False,cruce_ciclos,mutacion_inversion,0.2,100,False,164844.0834074003,21,0.16315789473684209
cruce_ciclos | mutacion_inversion | mut:0.2 | pob:100 | elit:False,cruce_ciclos,mutacion_inversion,0.2,100,False,201774.82240621073,22,0.07184210526315789
cruce_ciclos | mutacion_inversion | mut:0.2 | pob:100 | elit:False,cruce_ciclos,mutacion_inversion,0.2,100,False,199566.0785811857,23,0.04815789473684211
cruce_ciclos | mutacion_inversion | mut:0.2 | pob:100 | elit:False,cruce_ciclos,mutacion_inversion,0.2,100,False,200875.80811912482,24,0.039999999999999994
cruce_ciclos | mutacion_inversion | mut:0.2 | pob:100 | elit:False,cruce_ciclos,mutacion_inversion,0.2,100,False,203904.271111966,25,0.04763157894736843
cruce_ciclos | mutacion_inversion | mut:0.2 | pob:100 | elit:False,cruce_ciclos,mutacion_inversion,0.2,100,False,173136.87886217027,26,0.23631578947368417
cruce_ciclos | mutacion_inversion | mut:0.2 | pob:100 | elit:False,cruce_ciclos,mutacion_inversion,0.2,100,False,156323.9410791451,27,0.07578947368421053
cruce_ciclos | mutacion_inversion | mut:0.2 | pob:100 | elit:False,cruce_ciclos,mutacion_inversion,0.2,100,False,200111.79983488328,28,0.06578947368421054
cruce_ciclos | mutacion_inversion | mut:0.2 | pob:100 | elit:False,cruce_ciclos,mutacion_inversion,0.2,100,False,170112.385088709,29,0.06236842105263157
cruce_ciclos | mutacion_inversion | mut:0.2 | pob:200 | elit:False,cruce_ciclos,mutacion_inversion,0.2,200,False,188052.84942426486,0,0.05973684210526316
cruce_ciclos | mutacion_inversion | mut:0.2 | pob:200 | elit:False,cruce_ciclos,mutacion_inversion,0.2,200,False,201647.09635314744,1,0.10026315789473682
cruce_ciclos | mutacion_inversion | mut:0.2 | pob:200 | elit:False,cruce_ciclos,mutacion_inversion,0.2,200,False,197575.80495388046,2,0.05973684210526316
cruce_ciclos | mutacion_inversion | mut:0.2 | pob:200 | elit:False,cruce_ciclos,mutacion_inversion,0.2,200,False,184448.87622484128,3,0.09368421052631579
cruce_ciclos | mutacion_inversion | mut:0.2 | pob:200 | elit:False,cruce_ciclos,mutacion_inversion,0.2,200,False,147125.04657229024,4,0.13131578947368422
cruce_ciclos | mutacion_inversion | mut:0.2 | pob:200 | elit:False,cruce_ciclos,mutacion_inversion,0.2,200,False,191967.23385768768,5,0.06921052631578947
cruce_ciclos | mutacion_inversion | mut:0.2 | pob:200 | elit:False,cruce_ciclos,mutacion_inversion,0.2,200,False,191766.87338493663,6,0.04368421052631579
cruce_ciclos | mutacion_inversion | mut:0.2 | pob:200 | elit:False,cruce_ciclos,mutacion_inversion,0.2,200,False,193644.4671844406,7,0.09
cruce_ciclos | mutacion_inversion | mut:0.2 | pob:200 | elit:False,cruce_ciclos,mutacion_inversion,0.2,200,False,171137.19946407957,8,0.07
cruce_ciclos | mutacion_inversion | mut:0.2 | pob:200 | elit:False,cruce_ciclos,mutacion_inversion,0.2,200,False,188089.45241664353,9,0.12131578947368421
cruce_ciclos | mutacion_inversion | mut:0.2 | pob:200 | elit:False,cruce_ciclos,mutacion_inversion,0.2,200,False,180480.97379518463,10,0.07578947368421053
cruce_ciclos | mutacion_inversion | mut:0.2 | pob:200 | elit:False,cruce_ciclos,mutacion_inversion,0.2,200,False,202676.81356323778,11,0.057368421052631575
cruce_ciclos | mutacion_inversion | mut:0.2 | pob:200 | elit:False,cruce_ciclos,mutacion_inversion,0.2,200,False,182570.7581726785,12,0.14157894736842105
cruce_ciclos | mutacion_inversion | mut:0.2 | pob:200 | elit:False,cruce_ciclos,mutacion_inversion,0.2,200,False,172208.66251757412,13,0.09
cruce_ciclos | mutacion_inversion | mut:0.2 | pob:200 | elit:False,cruce_ciclos,mutacion_inversion,0.2,200,False,197311.6738173177,14,0.053157894736842105
cruce_ciclos | mutacion_inversion | mut:0.2 | pob:200 | elit:False,cruce_ciclos,mutacion_inversion,0.2,200,False,174456.0315674369,15,0.09868421052631579
cruce_ciclos | mutacion_inversion | mut:0.2 | pob:200 | elit:False,cruce_ciclos,mutacion_inversion,0.2,200,False,133314.4170417622,16,0.09289473684210528
cruce_ciclos | mutacion_inversion | mut:0.2 | pob:200 | elit:False,cruce_ciclos,mutacion_inversion,0.2,200,False,188515.57228366233,17,0.24368421052631578
cruce_ciclos | mutacion_inversion | mut:0.2 | pob:200 | elit:False,cruce_ciclos,mutacion_inversion,0.2,200,False,168546.889475271,18,0.18289473684210528
cruce_ciclos | mutacion_inversion | mut:0.2 | pob:200 | elit:False,cruce_ciclos,mutacion_inversion,0.2,200,False,154339.62298133466,19,0.10394736842105262
cruce_ciclos | mutacion_inversion | mut:0.2 | pob:200 | elit:False,cruce_ciclos,mutacion_inversion,0.2,200,False,173412.01244132168,20,0.05921052631578948
cruce_ciclos | mutacion_inversion | mut:0.2 | pob:200 | elit:False,cruce_ciclos,mutacion_inversion,0.2,200,False,203302.2647922382,21,0.053684210526315786
cruce_ciclos | mutacion_inversion | mut:0.2 | pob:200 | elit:False,cruce_ciclos,mutacion_inversion,0.2,200,False,193194.34720732248,22,0.11657894736842106
cruce_ciclos | mutacion_inversion | mut:0.2 | pob:200 | elit:False,cruce_ciclos,mutacion_inversion,0.2,200,False,204259.7458218287,23,0.07210526315789474
cruce_ciclos | mutacion_inversion | mut:0.2 | pob:200 | elit:False,cruce_ciclos,mutacion_inversion,0.2,200,False,203799.3311120887,24,0.1607894736842105
cruce_ciclos | mutacion_inversion | mut:0.2 | pob:200 | elit:False,cruce_ciclos,mutacion_inversion,0.2,200,False,193372.966492712,25,0.08342105263157894
cruce_ciclos | mutacion_inversion | mut:0.2 | pob:200 | elit:False,cruce_ciclos,mutacion_inversion,0.2,200,False,187214.3750996305,26,0.06236842105263157
cruce_ciclos | mutacion_inversion | mut:0.2 | pob:200 | elit:False,cruce_ciclos,mutacion_inversion,0.2,200,False,189381.66979011035,27,0.12447368421052632
cruce_ciclos | mutacion_inversion | mut:0.2 | pob:200 | elit:False,cruce_ciclos,mutacion_inversion,0.2,200,False,141857.92453858998,28,0.06973684210526315
cruce_ciclos | mutacion_inversion | mut:0.2 | pob:200 | elit:False,cruce_ciclos,mutacion_inversion,0.2,200,False,190379.0709167928,29,0.075
